LONGITUDE,LATITUDE,BUILDINGID,x,y,lat,long
-7628.134500000626,4864977.021200001,0,39.99356351455464,-0.06985606522973065,39.99335548829397,-0.06856179493424741
-7611.129000000656,4864977.622000001,0,39.99358071524936,-0.06964664270189402,39.99336752878028,-0.06840263381309157
-7601.616200000048,4864980.348899998,0,39.9936117313828,-0.06953174914975069,39.99338924007369,-0.06831531471346264
-7596.2032000012705,4864981.900200002,0,39.993629376923074,-0.06946637169432979,39.99340159195188,-0.06826562784734275
-7594.264100000262,4864982.456100002,0,39.99363569966767,-0.06944295167352355,39.9934060178731,-0.06824782863153
-7587.102299999446,4864986.090999998,0,39.993673206267125,-0.06935794587399968,39.99343227249272,-0.06818322422389186
-7589.062399998307,4864985.529100001,0,39.99366681524722,-0.0693816195727317,39.99342779877878,-0.0682012162349282
-7602.096400000155,4864981.792999998,0,39.993624320090404,-0.06953904182177695,39.99339805216901,-0.06832085714420259
-7616.9461999982595,4864980.0132,0,39.99359806817999,-0.06972073241694954,39.993379675831726,-0.06845894199653377
-7616.688900001346,4864976.028099999,0,39.99356258625553,-0.06971379380255538,39.9933548384846,-0.06845366864959421
-7604.017799999566,4864981.242399998,0,39.993618057060125,-0.06956224826245094,39.993393668047815,-0.06833849403911482
-7594.736999999732,4864983.902400002,0,39.99364831314466,-0.06945015626434259,39.993414847306994,-0.06825330412055247
-7648.530400000513,4864942.806100003,0,39.993243157156925,-0.0700756243890508,39.99313123811558,-0.06872865989533072
-7643.117800001055,4864947.830799997,0,39.993291884560506,-0.0700135309905292,39.99316534729809,-0.0686814689124543
-7650.165600001811,4864937.056900002,0,39.99319057318219,-0.07009038955315905,39.99309442933326,-0.068739881420053
-7641.3297999985525,4864920.629500002,0,39.99304971600796,-0.06996577729503439,39.9929958293113,-0.06864517610387824
-7644.034899998456,4864930.066799998,0,39.993132285048205,-0.07000808823512727,39.99305362763947,-0.06867733241834884
-7646.286299999803,4864932.3486,0,39.993151138298416,-0.07003804283882875,39.99306682491462,-0.06870009791716197
-7596.6486999988565,4864983.354699999,0,39.99364208282747,-0.06947324568344904,39.993410486084954,-0.06827085207907338
-7643.428199999034,4864927.950800002,0,39.99311377181414,-0.06999859928830787,39.99304066837563,-0.0686701208187661
-7603.5650999993095,4864979.790100001,0,39.99360537585534,-0.06955528742664185,39.99338479120446,-0.06833320380389993
-7622.054600000381,4864976.294200003,0,39.99356123654057,-0.06978030241349842,39.99335389368413,-0.06850421519391091
-7635.6803999990225,4864966.449299999,0,39.99346366450436,-0.06993926572714404,39.99328559325878,-0.06862502731228158
-7636.667899999766,4864991.739799999,0,39.993689290817734,-0.0699753313655993,39.99344353167814,-0.06865243719750758
-7637.177999999374,4864993.520599999,0,39.99370487167016,-0.06998331116856793,39.99345443827484,-0.06865850184776373
-7638.814300000668,4864999.2282000035,0,39.99375480851939,-0.07000890424829098,39.9934893940693,-0.06867795258835326
-7635.040800001472,4864986.063900001,0,39.993639631228376,-0.06994988187392615,39.9934087699656,-0.06863309558383598
-7634.477000001818,4864984.097499996,0,39.99362242686418,-0.06994106379681497,39.99339672691065,-0.06862639384523149
-7641.5731999985865,4865008.853,0,39.99383901794455,-0.07005205718585472,39.99354834066692,-0.0687107488209017
-7642.445999998598,4865016.687799999,0,39.99390852100682,-0.07007023031305071,39.99359699281051,-0.06872456039757065
-7609.2503999993205,4864978.160700001,0,39.993586842049226,-0.06962395356321949,39.993371817540186,-0.06838539006769892
-7639.35000000149,4865001.098099999,0,39.993771168881445,-0.07001728429145881,39.993500846322746,-0.06868432142116082
-7641.899399999529,4865014.780100003,0,39.99389182997598,-0.07006167995439672,39.993585309088914,-0.06871806212499362
-7634.934135507791,4865007.513685353,0,39.99383164958847,-0.06996881127860988,39.99354318281766,-0.06864748193139561
-7639.7153999991715,4865007.160400003,0,39.9938251635025,-0.07002751868577839,39.99353864255748,-0.06869209956084368
-7640.289599999785,4865009.164800003,0,39.993842700668594,-0.07003650111583593,39.993550918573746,-0.06869892620768742
-7618.763300001621,4864975.433799997,0,39.993555825754,-0.06973884824549703,39.99335010613353,-0.06847271002622986
-7631.815499998629,4864988.132799998,0,39.99366038756953,-0.06991200758067961,39.9934232994044,-0.06860431112096863
-7637.842599999159,4865000.627700001,0,39.99376800767622,-0.06999822634349684,39.993498633479085,-0.06866983738070971
-7640.98050000146,4865006.785599999,0,39.9938209298865,-0.07004278684015919,39.99353567902628,-0.0687037033581731
-7641.812399998307,4864922.313900001,0,39.99306445335013,-0.06997332642438181,39.99300614545082,-0.06865091344218228
-7637.002300001681,4864905.532300003,0,39.99291762722687,-0.06989809054864704,39.992903367164544,-0.06859373417662387
-7682.084399998189,4864930.865400001,0,39.993112972527406,-0.07047868604960073,39.993040108874915,-0.06903498675734866
-7675.371700000018,4864932.7897000015,0,39.99313486020024,-0.07039761256508825,39.9930554302459,-0.06897337090911917
-7633.469399999826,4864965.338399999,0,39.99345526098598,-0.06991091505265867,39.99327971079592,-0.06860348079967271
-7633.386599998921,4864970.1708,0,39.993498561475135,-0.06991445385903017,39.99331002113833,-0.06860617029251503
-7631.8949000015855,4864981.9169000015,0,39.99360470914346,-0.06990712089399853,39.99338432450615,-0.068600597239091
-7622.325800001621,4864976.611699998,0,39.99356388912794,-0.06978395096040835,39.99335575049529,-0.06850698808956246
-7635.299400001764,4864966.343500003,0,39.99346298267685,-0.06993446115817914,39.99328511597953,-0.06862137583986826
-7603.15450000018,4864981.489799999,0,39.99362087118861,-0.06955182143889527,39.99339563793776,-0.06833056965321252
-7639.180100001396,4864913.130099997,0,39.99298410212362,-0.06993215381176476,39.99294989959226,-0.06861962225659334
-7661.5582000017175,4864934.3435999965,0,39.99315837105253,-0.07022850702232031,39.993071887842504,-0.06884485069661556
-7689.513399999589,4864928.736100003,0,39.99308875222369,-0.0705684109819753,39.99302315466231,-0.06910317770595334
-7639.690999999642,4864914.912799999,0,39.99299969943232,-0.06994014516037872,39.99296081770835,-0.06862569568153994
-7637.5564999990165,4864907.466200002,0,39.99293454745013,-0.06990675926784995,39.99291521132082,-0.06860032240321808
-7638.807999998331,4864907.044100001,0,39.99292990005496,-0.06992181463115266,39.992911958144205,-0.06861176447932812
-7636.622600000352,4864899.4196000025,0,39.99286319151066,-0.06988763236967799,39.99286526216319,-0.06858578596060738
-7636.083599999547,4864897.538199998,0,39.99284673051404,-0.06987920091353228,39.99285373946556,-0.06857937805393664
-7640.679200001061,4864913.532200001,0,39.99298665794225,-0.06995104454521339,39.9929516886653,-0.06863397921401429
-7638.2760000005355,4864905.187200001,0,39.992913653434066,-0.06991349271655078,39.992900585509574,-0.0686054398242307
-7659.935300000012,4864938.7962,0,39.99319934381743,-0.07021266997787912,39.99310056877793,-0.06883281454284024
-7691.338399998844,4864928.212899998,0,39.993082801219295,-0.07059045258649821,39.993018988959236,-0.06911992932539075
-7646.805700000374,4864925.951300004,0,39.993093530660005,-0.07003841812957656,39.99302649956773,-0.0687003831381303
-7656.487500000745,4864938.0895000035,0,39.99319541739897,-0.07016942862281272,39.993097820285016,-0.06879995111298978
-7676.643599998206,4864934.006999998,0,39.993144868769214,-0.07041446735045653,39.99306243624418,-0.06898618054599909
-7682.559099998325,4864932.3116,0,39.99312558377984,-0.07048591290886996,39.99304893675162,-0.06904047917039328
-7669.247800000012,4864936.126800002,0,39.9931689808561,-0.07032514325444783,39.993079314705,-0.06891829423303247
-7667.3517999984315,4864936.670500003,0,39.9931751646272,-0.07030224421253894,39.993083643344775,-0.06890089096118171
-7674.97230000049,4864934.486199996,0,39.993150319122385,-0.0703942820919714,39.9930662514914,-0.06897083974955037
-7684.298099998385,4864931.813000001,0,39.993119912729966,-0.07050691581091506,39.99304496701671,-0.06905644137594756
-7683.855900000781,4864930.357900001,0,39.99310719923647,-0.07050008186411993,39.99303606757125,-0.06905124757638326
-7661.753100000322,4864938.275399998,0,39.9931934193642,-0.07023462502320488,39.99309642166067,-0.06884950037728782
-7632.1528999991715,4864981.863899998,0,39.993604055471444,-0.06991025673875839,39.993383866935744,-0.0686029804811085
-7633.292500000447,4864970.058799997,0,39.99349762467095,-0.06991318616695175,39.993309365375396,-0.06860520684653544
-7637.728900000453,4864903.183399999,0,39.992896102771454,-0.06990484569494715,39.99288830004575,-0.06859886808781195
-7636.297600001098,4864898.285099998,0,39.99285326537658,-0.06988254839603236,39.992858313869334,-0.06858192214063671
-7637.002399999648,4864905.532300003,0,39.99291762715734,-0.06989809178344153,39.99290336711587,-0.06859373511506767
-7636.342433217913,4864916.8216095185,0,39.99301910888297,-0.06990059801448467,39.9929744043238,-0.06859563985066047
-7640.703999999911,4864913.5625,0,39.99298691183839,-0.06995137938029661,39.9929518663926,-0.06863423368867753
-7641.812300000341,4864922.313900001,0,39.99306445341966,-0.06997332518958377,39.99300614549949,-0.06865091250373578
-7656.559099998325,4864938.028999999,0,39.993194826224055,-0.07017025565026369,39.99309740646257,-0.06880057965385251
-7646.206399999559,4864932.4318,0,39.99315193837557,-0.07003713474652518,39.993067384968626,-0.06869940776701125
-7646.423599999398,4864925.757100001,0,39.99309205854937,-0.07003351656691859,39.99302546909029,-0.06869665795051023
-7636.960200000554,4864905.659699999,0,39.9929187965444,-0.06989769093831733,39.99290418568681,-0.06859343047277328
-7639.136199999601,4864913.2513,0,39.99298521721199,-0.06993172612301546,39.992950680154124,-0.06861929721314386
-7669.233500000089,4864936.154799998,0,39.99316924135899,-0.07032499310495233,39.993079497057025,-0.06891818011941589
-7667.339800000191,4864936.697800003,0,39.99317541726674,-0.0703021218031541,39.99308382019245,-0.06890079793004922
-7674.955899998547,4864934.514399998,0,39.99315058287545,-0.07039410620031106,39.993066436118546,-0.06897070607188852
-7661.735899999738,4864938.303900003,0,39.99319368635794,-0.07023443953530695,39.993096608556286,-0.0688493594064854
-7680.134599998592,4864931.4921,0,39.99311993646933,-0.07045520106188174,39.99304498363426,-0.06901713816668223
-7685.723499998449,4864929.890299998,0,39.993101716158854,-0.07052270200223099,39.993032229416926,-0.06906843888134767
-7684.282400000841,4864931.8413999975,0,39.99312017778603,-0.07050674875244489,39.99304515255595,-0.06905631441151022
-7682.543800000101,4864932.3395000035,0,39.99312584408353,-0.07048575031759619,39.9930491189642,-0.06904035560102521
-7653.343301445247,4864920.963251494,0,39.99304434894842,-0.07011443767637626,39.99299207236963,-0.06875815799369807
-7676.627099998294,4864934.035599999,0,39.993145136171236,-0.07041429060168358,39.993062623425594,-0.06898604621693163
-7646.339299999178,4864932.2717999965,0,39.99315041419694,-0.07003862480434808,39.99306631804359,-0.06870054021095665
-7661.896899998189,4864934.618799998,0,39.99316059816426,-0.07023294913888467,39.993073446820716,-0.06884822670520446
-7643.993799999355,4864930.197999999,0,39.99313348767521,-0.07000770456109073,39.99305446947838,-0.06867704082608107
-7641.771899998189,4864922.445900002,0,39.99306566271865,-0.06997295091394218,39.99300699200879,-0.06865062805424817
-7641.28579999879,4864920.750600003,0,39.99305083027111,-0.06996534827740764,39.9929966092955,-0.06864485005048192
-7639.649500001222,4864915.041199997,0,39.993000877281325,-0.06993975390336171,39.99296164220266,-0.06862539832620701
-7646.244600001723,4864925.928999998,0,39.9930937212712,-0.07003146848921649,39.993026632995566,-0.06869510141145664
-7643.385099999607,4864928.0748,0,39.99311491140232,-0.06999818412167436,39.993041466087355,-0.06866980529212463
-7675.352499999107,4864932.862899996,0,39.993135528584205,-0.07039744457617214,39.993055898114676,-0.06897324323754295
-7616.670099999756,4864979.499200001,0,39.993593660609164,-0.06971683789442018,39.993376590532144,-0.06845598215941145
-7603.1924000009885,4864981.479000002,0,39.99362074819225,-0.06955227924788243,39.99339555184031,-0.06833091758804276
-7633.236699998379,4864965.063299999,0,39.99345296104998,-0.06990778193833602,39.99327810084072,-0.06860109963278749
-7638.854200001805,4864999.367600001,0,39.99375602820039,-0.07000952852944664,39.993490247846,-0.06867842704203156
-7675.406700000167,4864932.779600002,0,39.99313474548123,-0.07039803521922838,39.993055349942594,-0.06897369212626568
-7645.041900001466,4864948.917999998,0,39.993300275473835,-0.07003831650673042,39.99317122093741,-0.06870030590476724
-7647.626299999654,4864944.457699999,0,39.993258565233795,-0.0700660192791478,39.99314202376939,-0.06872136001180443
-7633.04149999842,4864971.012100004,0,39.993506329843996,-0.06991098654909411,39.99331545899653,-0.06860353513696363
-7633.205600000918,4864965.108800001,0,39.99345338983373,-0.06990744085289613,39.99327840098934,-0.06860084040785316
-7643.092399999499,4864947.8138,0,39.993291750097434,-0.07001320129818289,39.993165253173935,-0.06868121834627111
-7632.2586999982595,4864982.0603,0,39.99360573939653,-0.06991174857332894,39.9933850456833,-0.0686041142753821
-7636.679000001402,4864991.778700002,0,39.99368963119739,-0.0699755051502402,39.99344376994391,-0.06865256927383467
-7645.088700000197,4864948.9595,0,39.99330061429536,-0.07003893357775048,39.993171458112485,-0.06870077487874249
-7617.124800000341,4864979.609499998,0,39.99359433146879,-0.06972255679268802,39.99337706013388,-0.06846032852209501
-7636.6660999991,4864991.7337,0,39.99368923748331,-0.0699753033807351,39.99344349434405,-0.06865241592901078
-7636.638000000268,4864899.473099999,0,39.99286365954933,-0.06988787302848554,39.992865589790256,-0.06858596886130111
-7636.080099999905,4864897.526100002,0,39.99284662467041,-0.0698791462741637,39.99285366537502,-0.06857933652801652
-7646.775800000876,4864926.0546,0,39.99309447583489,-0.07003814642182782,39.993027161190156,-0.06870017664024125
-7656.762800000608,4864938.025799997,0,39.99319465594153,-0.07017276796766492,39.9930972872648,-0.06880248901507745
-7638.830899998547,4864999.286200002,0,39.993755315991486,-0.07000916397803625,39.99348974929977,-0.06867814998295965
-7637.839099999516,4865000.615699999,0,39.993767902727534,-0.06999817179727685,39.993498560015,-0.06866979592558252
-7644.94530000165,4864948.8147,0,39.99329941826166,-0.07003702615868068,39.99317062088889,-0.06869932524024944
-7632.033700000496,4864987.610399999,0,39.99365556112855,-0.06991420889985189,39.99341992089572,-0.06860598412353955
-7643.13899999857,4864947.851999998,0,39.99329205952797,-0.07001381278446583,39.993165469775306,-0.06868168307584616
-7647.265799999237,4864945.2348000035,0,39.99326576981818,-0.07006230123795998,39.99314706697845,-0.0687185343005017
-7646.3075999990115,4864932.3486,0,39.99315112348734,-0.07003830585635562,39.993066814546864,-0.06870029781048238
-7639.417199999094,4865001.277099997,0,39.993772723941,-0.07001828306242519,39.993501934864426,-0.06868508048709526
-7638.843199998141,4864999.3684,0,39.99375604300817,-0.07000939345250323,39.99349025821145,-0.06867832438355456
-7637.225699998437,4864993.806299998,0,39.99370739509845,-0.06998416985928024,39.993456204674644,-0.0686591544527051
-7638.067699998617,4865000.620200002,0,39.993767784036834,-0.07000099888201028,39.993498476931514,-0.06867194450997993
-7641.624600000678,4865008.901500002,0,39.99383941620668,-0.07005273767291431,39.99354861945041,-0.06871126599106699
-7639.077799998224,4865011.763999999,0,39.993866802343135,-0.07002399077428567,39.993567789745924,-0.06868941834810922
-7640.976199999452,4865010.659500003,0,39.99385559860626,-0.07004639039384042,39.99355994713011,-0.06870644205897083
-7632.238800000399,4864988.249200001,0,39.9936611348384,-0.06991734450616427,39.99342382249261,-0.06860836718433697
-7641.030099999159,4865006.826700002,0,39.99382126318122,-0.07004343811480496,39.99353591233258,-0.06870419832690389
-7656.6356999985865,4864938.0260000015,0,39.99319474611301,-0.07017119869423816,39.99309735038484,-0.06880129636727311
-7643.20149999857,4864947.990599996,0,39.99329325633541,-0.07001471537559034,39.99316630754052,-0.06868236904510078
-7615.52769999951,4864982.2821,0,39.9936193578434,-0.06970535782322962,39.99339457859611,-0.06844725730530662
-7634.5003999993205,4864984.319200002,0,39.993624394483696,-0.06994156201004653,39.99339810424432,-0.06862677248728748
-7611.0564999990165,4864981.801700003,0,39.993618167882566,-0.06964969246959551,39.99339374562352,-0.0684049516365447
-7661.473499998449,4864934.3435999965,0,39.993158429951016,-0.0702274611265068,39.99307192907144,-0.06884405581579728
-7636.205699998885,4864967.330200002,0,39.99347118200408,-0.06994658376863061,39.99329085550859,-0.06863058902381138
-7637.256999999285,4864949.814300002,0,39.99331370929714,-0.06994303243820976,39.99318062461373,-0.06862789001269154
-7633.729499999434,4864965.317299998,0,39.99345489131247,-0.06991410693118905,39.99327945202445,-0.06860590662735579
-7607.247600000352,4864978.546700002,0,39.993591688759814,-0.06959958663013488,39.9933752102376,-0.06836687119855461
-7618.586899999529,4864975.2962,0,39.99355471709047,-0.0697365401239951,39.99334933006906,-0.06847095585388839
-7616.5560000017285,4864975.878600001,0,39.993561340857205,-0.06971201160176488,39.99335396670577,-0.06845231417699342
-7605.419300001115,4864979.070799999,0,39.99359764992756,-0.06957750482316793,39.99337938305502,-0.06835008902525974
-7592.718600001186,4864984.430299997,0,39.99365444046366,-0.06942573058236867,39.99341913643029,-0.0682347406022523
-7592.733300000428,4864982.7069000015,0,39.99363900831822,-0.06942428552155278,39.993408333928485,-0.06823364235603221
-7587.041400000453,4864986.057800001,0,39.99367295151825,-0.069357162524045,39.993432094168504,-0.06818262887792631
-7589.0014999993155,4864985.495899999,0,39.99366656049847,-0.06938083622277791,39.99342762045465,-0.06820062088896332
-7636.633000001311,4864991.830600001,0,39.99369012761277,-0.06997498611463637,39.99344411743467,-0.06865217480677575
-7632.143599998206,4864982.217100002,0,39.99360722256172,-0.06991047528198369,39.99338608389893,-0.06860314657395972
-7621.874699998648,4864976.306900002,0,39.99356147527719,-0.06977809293576964,39.99335406079976,-0.06850253599083704
-7632.377999998629,4864988.176700003,0,39.993660389276904,-0.06991899496389298,39.99342330059956,-0.06860962153221078
-7635.4525999985635,4864966.3134,0,39.9934626067985,-0.06993632450774889,39.99328485286468,-0.06862279198554128
-7662.008200000972,4864934.443599999,0,39.99315895298574,-0.07023415812203737,39.993072295195745,-0.06884914553240051
-7637.175999999045,4864901.254699999,0,39.99287922817608,-0.06989619794380175,39.99287648782899,-0.06859229579694144
-7408.714525613935,4864892.911716394,1,39.99296339150284,-0.06706723003018933,39.992813835894225,-0.06650930679059808
-7466.963700000197,4864820.413199998,1,39.992274146393775,-0.0677181009285146,39.992310686964615,-0.06699745996434203
-7439.624499998987,4864864.1263,1,39.992684319206255,-0.06742175565987374,39.99261011311772,-0.06677520101286138
-7435.137299999595,4864861.7101000035,1,39.992665816465745,-0.06736406713891618,39.99259660611715,-0.06673193462214322
-7414.916941028088,4864881.27501066,1,39.992854948607985,-0.06713284041967515,39.99273467258098,-0.06655851458271245
-7423.060899998993,4864877.686099999,1,39.99281717264807,-0.06723001801781958,39.992707096130246,-0.06663139778132077
-7449.083129256964,4864874.628452435,1,39.99277172425624,-0.06754846164341899,39.99267391880421,-0.06687023050052032
-7451.0409665480265,4864871.193009831,1,39.99273962108675,-0.06756939605873935,39.99265048349048,-0.0668859313120106
-7425.661100000143,4864873.132700004,1,39.992774618925964,-0.06725782990879736,39.992676031913106,-0.0666522566995541
-7447.57271561399,4864877.348263264,1,39.9927971125444,-0.06753237689011993,39.99269245225457,-0.06685816693554603
-7432.44810000062,4864883.152999997,1,39.99285956918751,-0.06735109132521,39.99273804560404,-0.06672220276186358
-7447.440600000322,4864871.013400003,1,39.99274051633402,-0.06752476849255018,39.992651137020985,-0.06685246063736872
-7417.502300001681,4864893.0326000005,1,39.99295836553785,-0.06717585789854574,39.99281016693979,-0.06659077769186539
-7460.767900001259,4864810.030100003,1,39.99218553895076,-0.06763179792593466,39.99224600353121,-0.06693273271240707
-7469.88919999823,4864815.057400003,1,39.992224186130585,-0.06774917200365582,39.992274215972486,-0.06702076327069795
-7424.3016000017515,4864859.706600003,1,39.99265541920594,-0.06722837544724758,39.99258901611749,-0.06663016585339177
-7421.30021238327,4864859.197052851,1,39.992652945529834,-0.06719083295849693,39.99258721033394,-0.06660200898682878
-7426.938324466348,4864864.108050242,1,39.99269297335299,-0.06726508688446398,39.99261643064484,-0.06665769943130406
-7445.557873841374,4864826.589670561,1,39.992344295537386,-0.0674596066125357,39.99236189583945,-0.06680358922735785
-7425.090500000864,4864858.2864999985,1,39.992642163007446,-0.0672367771357738,39.992579339092586,-0.06663646711978644
-7423.182180404663,4864855.7189594135,1,39.9926205134868,-0.0672107904510808,39.99256353494252,-0.06661697710626668
-7468.870245195925,4864827.937682956,1,39.992340154611036,-0.06774874271923625,39.99235887296321,-0.06702044130738327
-7456.977499999107,4864830.765100002,1,39.99237372236437,-0.06760455723089187,39.992383377423145,-0.06691230219112498
-7450.481994569302,4864817.724448785,1,39.992261541826664,-0.06751204605122663,39.99230148563062,-0.06684291880637605
-7457.665500000118,4864823.6099999985,1,39.99230921616649,-0.06760630185855288,39.992336287898695,-0.06691361066187074
-7454.2391000017515,4864829.266000004,1,39.992362210921144,-0.06756932868098975,39.99237497406959,-0.06688588077869839
-7469.871500000358,4864864.364799999,1,39.99266542952746,-0.06779547671570185,39.99259632365221,-0.06705549180473247
-7474.670000001788,4864865.918799996,1,39.992676000182485,-0.06785619580589142,39.99260404023037,-0.06710103112237464
-7458.381099998952,4864852.149700001,1,39.992564108566995,-0.06764206577304677,39.992522359351064,-0.06694043359774116
-7470.51399999857,4864863.610200003,1,39.992658230332395,-0.06780269842984854,39.992591068239804,-0.06706090809034249
-7480.428210925311,4864867.091147952,1,39.99268248845558,-0.06792840549833912,39.99260877666973,-0.06715518839171042
-7474.5538000017405,4864866.856399998,1,39.992684471138,-0.06785564562320534,39.9926102240279,-0.06710061848536009
-7470.539500001818,4864863.624300003,1,39.99265833878237,-0.06780302661281468,39.99259114740829,-0.06706115422756709
-7446.673200000077,4864872.394900002,1,39.99275341219256,-0.06751659592632198,39.992660550997726,-0.06684633121269756
-7457.755499999971,4864815.285700001,1,39.992234662938685,-0.06759955917556937,39.9922818640424,-0.0669085536496331
-7460.279699999839,4864824.969700001,1,39.99231956649527,-0.06763986521900556,39.9923438436387,-0.06693878318221025
-7444.290800001472,4864876.6844,1,39.992793453054155,-0.06749122468833502,39.99268978082669,-0.06682730278420734
-7425.728100001811,4864901.3354,1,39.993026946637855,-0.06728526580331096,39.992860231142785,-0.0666728336204393
-7441.9341934248805,4864872.437265873,1,39.99275708520871,-0.06745811760239384,39.99266323229951,-0.06680247246975146
-7424.407800000161,4864901.759999998,1,39.99303166387015,-0.06726936296923203,39.992863674722365,-0.0666609064948801
-7419.789388634264,4864861.91686368,1,39.99267833405732,-0.06717474300958504,39.992605743959,-0.06658994152514486
-7424.804142381996,4864898.435409412,1,39.993001638012785,-0.06727112043316996,39.992841755846484,-0.06666222459283355
-7426.483600001782,4864899.974799998,1,39.993014246088144,-0.06729331122640314,39.9928509597415,-0.06667886768775844
-7427.868400000036,4864896.747000001,1,39.992984399349055,-0.06730736574212592,39.99282917162196,-0.06668940857455052
-7422.2589999996135,4864895.579300001,1,39.9929778488432,-0.06723699764736946,39.9928243897527,-0.06663663250348317
-7426.627799998969,4864896.057800001,1,39.99297909425468,-0.06729139622880798,39.99282529890307,-0.06667743143956206
-7411.328600000591,4864885.4059000015,1,39.99289440820832,-0.06709242796708814,39.99276347808923,-0.06652820524327219
-7404.491683006287,4864890.4166426435,1,39.99294399904334,-0.06701273126357155,39.99279967939879,-0.06646843271563474
-7410.026599999516,4864887.749600002,1,39.992916285929816,-0.06707856169119886,39.99277944882592,-0.06651780553635522
-7410.692299999297,4864890.038199998,1,39.99293630299724,-0.06708894110735564,39.99279406128514,-0.06652559009847281
-7421.145399998874,4864865.389200002,1,39.99270846409929,-0.06719476332505003,39.99262773888964,-0.0666049567617436
-7417.8315513432035,4864865.352306284,1,39.99271043716208,-0.06715380839158058,39.992629179225474,-0.06657424056164152
-7421.9332000017175,4864863.970899999,1,39.992695224774536,-0.06720315314268532,39.992618074182566,-0.06661124912497007
-7524.863817591221,4864950.191375457,1,39.99339522706977,-0.06855552339386595,39.993129075858086,-0.06762552681335554
-7453.170400001109,4864828.667000003,1,39.99235759353708,-0.06755556706971166,39.992371603379226,-0.06687555957023983
-7536.565799999982,4864934.328000002,1,39.993245137499535,-0.06868505297642091,39.99301951047182,-0.06772267400027177
-7535.209515403956,4864948.090411805,1,39.993369234162316,-0.068681292741684,39.99311010103565,-0.06771985382421908
-7528.608068633825,4864959.505251184,1,39.99347596987806,-0.06861054805726408,39.99318801810814,-0.06766679531090414
-7533.837600000203,4864939.373000003,1,39.99329217963713,-0.06865612529887333,39.99305385123226,-0.06770097824211108
-7523.494500000029,4864951.885399997,1,39.9934113380898,-0.06854021323203341,39.99314083690271,-0.06761404419198114
-7510.211205821484,4864949.287095763,1,39.99339732127504,-0.0683737347838731,39.993130604627936,-0.0674891853558609
-7519.0086999982595,4864949.4529,1,39.993392689175224,-0.06848252560378132,39.99312722319507,-0.06757077847079207
-7516.413621235639,4864937.650390036,1,39.99328887770562,-0.06843934310216682,39.993051440822256,-0.06753839159458119
-7545.474832799286,4864929.947813578,1,39.99319974749931,-0.06879093066342712,39.99298637577165,-0.06780208226552642
-7541.168800000101,4864920.726800002,1,39.993120226317934,-0.06872905666665918,39.99292832530925,-0.06775567676795047
-7572.053273737431,4864882.3671180615,1,39.99275549088986,-0.06907422427573362,39.992662068446755,-0.0680145524747563
-7568.053527798504,4864892.154664098,1,39.99284585605946,-0.0690340715242348,39.99272803502056,-0.06798443791113218
-7559.442699998617,4864887.620300001,1,39.992811266571486,-0.06892346409555472,39.992702784694345,-0.06790148233962212
-7571.093199998141,4864871.718699999,1,39.99266087042511,-0.06905231981827775,39.992592995507486,-0.0679981241316644
-7568.86100000143,4864876.416199997,1,39.992704458168525,-0.06902918941920788,39.99262481456018,-0.06798077633236199
-7578.461971551179,4864869.381579727,1,39.99263483349288,-0.06914110495528725,39.99257398854696,-0.06806471298442152
-7526.391455613078,4864919.34785118,1,39.99311815986986,-0.06854528076596722,39.992926816802154,-0.0676178448424315
-7560.377608112991,4864859.336898372,1,39.99255752097422,-0.06890831706698552,39.99251755040834,-0.06789012206819522
-7555.068599998952,4864885.213299997,1,39.992792768364964,-0.06886718032871908,39.99268928100358,-0.06785926951449539
-7562.192000001669,4864866.774599999,1,39.99262281626434,-0.06893774050016166,39.99256521597012,-0.06791218964307733
-7559.78200000152,4864871.373499997,1,39.992665645270314,-0.06891232147197801,39.99259648114449,-0.06789312537193959
-7524.514299999922,4864934.194600001,1,39.9932523219065,-0.06853611161096396,39.9930247550889,-0.06761096797617905
-7527.402600001544,4864929.238300003,1,39.99320596223398,-0.06856710003590116,39.99299091252796,-0.06763420929488195
-7536.4928999990225,4864918.059600003,1,39.99309960942064,-0.06866880039282375,39.99291327497422,-0.06771048456257389
-7559.862900000066,4864871.224600002,1,39.992664256586764,-0.06891317991993429,39.99259546740549,-0.0678937692079068
-7555.236299999057,4864885.3138,1,39.992793551106836,-0.06886934596394045,39.99268985240515,-0.06786089374091142
-7535.450800001621,4864931.182300001,1,39.99321776316432,-0.06866831604844492,39.992999527207104,-0.06771012130428977
-7568.939100001007,4864876.265799998,1,39.99270305800795,-0.06903001187432434,39.992623792442956,-0.06798139317369933
-7562.192000001669,4864866.7744999975,1,39.992622815369465,-0.06893774040578826,39.992565215316866,-0.06791218957229728
-7536.435899998993,4864918.028399996,1,39.993099369851876,-0.0686680670986819,39.99291310008903,-0.0677099345919675
-7559.442800000309,4864887.620300001,1,39.99281126650196,-0.0689234653303945,39.99270278464358,-0.06790148326575196
-7541.225999999791,4864920.757600002,1,39.99312046216772,-0.06872979205342844,39.99292849747959,-0.06775622830802741
-7523.494399998337,4864951.885300003,1,39.993411337264504,-0.06854021190281756,39.99314083630024,-0.06761404319506925
-7519.0086999982595,4864949.452799998,1,39.99339268828035,-0.06848252550941236,39.993127222541816,-0.06757077840001535
-7530.600900001824,4864928.6520000035,1,39.99319849225988,-0.0686060402785813,39.99298545944687,-0.06766341447689206
-7571.093199998141,4864871.718800001,1,39.99266087131999,-0.06905231991265204,39.99259299616075,-0.06799812420244511
-7549.37943457067,4864878.413713895,1,39.992735877059545,-0.06879051263931313,39.99264775035063,-0.06780176874744093
-7537.2410000003865,4864895.7321000025,1,39.9928992903502,-0.06865696795546139,39.992767042052805,-0.06770161023455212
-7516.841499999165,4864889.291000001,1,39.99285583310734,-0.06839899220546997,39.99273531826552,-0.06750812842205856
-7474.607500001788,4864866.886100002,1,39.99268469958372,-0.06785633674498559,39.992610390793274,-0.06710113682669527
-7516.1983999982485,4864889.940200001,1,39.99286208957751,-0.0683916636775006,39.99273988548873,-0.06750263202608153
-7496.900899998844,4864897.221900001,1,39.992940665077896,-0.06816024487751537,39.992797245604024,-0.06732906792609261
-7512.540187384933,4864885.307564937,1,39.99282317718739,-0.06834211974708904,39.992711479443955,-0.06746547407827286
-7478.544700000434,4864887.150899999,1,39.992863303887994,-0.06792407526545219,39.99274077193539,-0.06715194071704522
-7503.662099998443,4864884.812600002,1,39.99282491959112,-0.06823202415118867,39.99271275139867,-0.06738290238134759
-7485.468600001186,4864874.716200002,1,39.992747218145624,-0.06799784002419162,39.992656029343465,-0.0672072642860998
-7526.499313008041,4864893.093802638,1,39.99288314887748,-0.0685218375328347,39.99275525877772,-0.0676002624175821
-7520.755800001323,4864891.4821000025,1,39.992872719207746,-0.0684493944679776,39.99274764511881,-0.06754593011893928
-7480.315432280301,4864867.4245626405,1,39.99268555043538,-0.06792732748453201,39.99261101191499,-0.06715437988135509
-7466.3226781114945,4864859.6990203485,1,39.992626144197175,-0.06774725282748673,39.99256764536109,-0.06701932388857113
-7520.675900001079,4864892.4114999985,1,39.99288109154815,-0.06844928487378166,39.9927537569273,-0.06754584792329232
-7469.9224000014365,4864864.392999998,1,39.99266564649695,-0.067796131846805,39.99259648203993,-0.06705598315305983
-7533.671000000089,4864939.661899999,1,39.99329488069667,-0.06865434070501575,39.993055823005726,-0.06769963979671789
-7541.2635000012815,4864920.777800001,1,39.99312061685833,-0.06873027417616129,39.99292861040374,-0.06775658990007705
-7539.413493216038,4864923.973005973,1,39.99315049548581,-0.06871044510847835,39.992950421801794,-0.06774171809931484
-7536.409200001508,4864934.618299998,1,39.993247844135375,-0.06868339318921812,39.99302148631598,-0.06772142915986967
-7537.092713735999,4864945.534232535,1,39.993345050828964,-0.06870213479604015,39.9930924472023,-0.06773548536498619
-7526.320097487421,4864919.688647747,1,39.99312125911651,-0.06854472121700272,39.99292907925221,-0.06761742518070812
-7536.584399998189,4864918.1096,1,39.993099993237834,-0.06866997744340875,39.992913555160776,-0.06771136735051264
-7524.3513000011435,4864934.490199998,1,39.99325508041706,-0.06853437778896954,39.993026768801606,-0.06760966760968323
-7519.11180000007,4864949.509800002,1,39.99339312667518,-0.0684838524113589,39.993127542570036,-0.06757177357647526
-7559.524500001222,4864887.665399998,1,39.99281161328192,-0.06892451673988553,39.992703037792964,-0.06790227182287023
-7555.145599998534,4864885.259499997,1,39.992793128256494,-0.06886817473915219,39.992689543724396,-0.06786001532232022
-7523.601199999452,4864951.943599999,1,39.99341178471944,-0.06854158572113889,39.99314116294235,-0.06761507355881025
-7559.637499999255,4864871.639600001,1,39.99266812694096,-0.06891078828354491,39.99259829276406,-0.06789197548061476
-7568.72309999913,4864876.6818,1,39.992706930777736,-0.06902773726107458,39.9926266195649,-0.06797968721376202
-7536.165800001472,4864897.859200002,1,39.99291907230907,-0.0686456984500925,39.992781482882776,-0.06769315810552545
-7537.321899998933,4864895.775700003,1,39.99289962426611,-0.06865800807115896,39.99276728581141,-0.0677023903213253
-7513.104490716009,4864943.869619727,1,39.99334683130828,-0.06840434976436871,39.9930937469522,-0.06751214659123261
-7480.921700000763,4864891.6466000015,1,39.99290188170408,-0.06795766905097622,39.99276893374113,-0.06717713605618825
-7489.9197999984035,4864901.8900000015,1,39.992987290713714,-0.06807844536139918,39.992831282318164,-0.06726771828900546
-7500.175299998373,4864879.856799996,1,39.9927829960997,-0.06818429204879273,39.99268214724994,-0.06734710330455063
-7499.118298217654,4864838.7984716,1,39.99241631751465,-0.06813249745229921,39.99241447188285,-0.06730825735718049
-7504.906800001859,4864865.544699997,1,39.99265163421124,-0.0682292125073003,39.992586253071366,-0.0673807936484313
-7501.238400001079,4864863.081799999,1,39.992632144837046,-0.06818159043631589,39.992572025828196,-0.067345077095193
-7506.559300001712,4864862.569799997,1,39.99262386438568,-0.06824681072300809,39.9925659810987,-0.06739399231021215
-7516.52670000121,4864844.624799997,1,39.99245635348267,-0.06835295652992901,39.99244369813951,-0.06747360166540284
-7511.778299998492,4864841.671700002,1,39.99243322832923,-0.06829153604221894,39.992426816777495,-0.06742753629962028
-7511.563299998641,4864853.561099999,1,39.992539770893224,-0.06830010020426425,39.99250459284921,-0.06743395942115427
-7506.762699998915,4864850.701899998,1,39.992517522270965,-0.06823812367545568,39.992488351354964,-0.06738747702454784
-7502.8467999994755,4864860.1862,1,39.9926051152955,-0.0681987189436919,39.992552294262865,-0.067357923475725
-7479.0157000012705,4864891.920500003,1,39.99290565760861,-0.06793439175147853,39.99277169015144,-0.06715967808156498
-7474.495200000703,4864891.586599998,1,39.99290581192902,-0.06787825646918222,39.992771802805336,-0.06711757661984274
-7474.553700000048,4864866.8565,1,39.99268447210238,-0.06785564448272208,39.99261022473189,-0.06710061762999764
-7496.014100000262,4864901.8967999965,1,39.99298311519768,-0.06815370573331858,39.992828234191464,-0.06732416356794502
-7541.264299999922,4864920.7782000005,1,39.99312061988158,-0.06873028443223905,39.99292861261071,-0.06775659759213537
-7417.558400001377,4864893.060199998,1,39.99295857352772,-0.06717657667603483,39.99281031877239,-0.0665913167749822
-7422.3163000009945,4864895.611699998,1,39.9929780989518,-0.0672377357718883,39.99282457233197,-0.0666371860968723
-7443.8776770718405,4864873.551518895,1,39.99276570535632,-0.06748316746804495,39.99266952500727,-0.06682125986898979
-7432.442200001329,4864883.1646,1,39.99285967709188,-0.06735102941501836,39.99273812437423,-0.06672215632921985
-7408.6952507160595,4864892.902283996,1,39.992963320492564,-0.06706698311952142,39.99281378405673,-0.06650912160759714
-7417.468600001186,4864893.016000004,1,39.99295824041379,-0.06717542610037963,39.99281007559922,-0.0665904538432408
-7427.074479050933,4864903.08147952,1,39.99304163578746,-0.06730353866874594,39.992870954222,-0.06668653826951554
-7424.812344465406,4864862.992156811,1,39.99268446531263,-0.06723778202553277,39.99261021977537,-0.06663722078710566
-7423.048200000077,4864877.7091000015,1,39.9928173872925,-0.06722988289493603,39.99270725282068,-0.0666312964391581
-7414.873469986021,4864881.276651077,1,39.99285499350076,-0.06713230517607993,39.9927347053527,-0.06655811315001603
-7435.065400000662,4864861.6708,1,39.99266551476018,-0.06736314222418827,39.99259638587209,-0.06673124093609728
-7425.6438000015905,4864873.1670999965,1,39.99277493878137,-0.06725764873978601,39.99267626540755,-0.06665212082279559
-7457.242100000381,4864853.930299997,1,39.99258083409997,-0.06762968122746038,39.99253456899013,-0.06693114518855137
-7435.0553999990225,4864878.1765,1,39.992813224357654,-0.06737859162516635,39.99270421387824,-0.06674282798683084
-7439.543800000101,4864864.079400003,1,39.99268395560851,-0.06742071490985868,39.99260984769137,-0.06677442045035009
-7453.059500001371,4864828.6049000025,1,39.99235711491279,-0.06755413907000651,39.99237125398349,-0.06687448857046097
-7422.2157000005245,4864895.554799996,1,39.99297765969784,-0.0672364398521168,39.99282425167658,-0.06663621415704368
-7435.067499998958,4864878.1545,1,39.99281301907871,-0.06737872028205327,39.992704064024615,-0.06674292447949604
-7458.26419999823,4864852.0842999965,1,39.99256360458432,-0.06764056056494194,39.99252199144371,-0.06693930469166254
-7469.328741654754,4864834.110160768,1,39.99239507081528,-0.06776022821380501,39.992398961792304,-0.06702905542830984
-7457.927200000732,4864831.2908999985,1,39.992377767419164,-0.06761678035565044,39.992386330313145,-0.06692146953469391
-7411.625444985926,4864887.55739639,1,39.99291345475208,-0.06709812331431309,39.99277738206617,-0.0665324767536909
-7435.179900001734,4864861.733400002,1,39.99266599535877,-0.06736461515558378,39.99259673670906,-0.06673234563464392
-7480.124099999665,4864894.9306000015,1,39.992931823244774,-0.06795091880307158,39.99279079106584,-0.06717207337025977
-7515.720955301075,4864863.515449725,1,39.99262595784754,-0.06836083277107452,39.99256750932586,-0.06747950884626197
-7489.177499998361,4864899.944899999,1,39.9929704008431,-0.0680674438617972,39.99281895271262,-0.06725946716430398
-7510.613928113134,4864872.71367608,1,39.992711818978094,-0.06830644995751811,39.992630187951164,-0.06743872173609466
-7527.451099999249,4864929.146399997,1,39.99320510614436,-0.06856761220370267,39.992990287582536,-0.06763459342073308
-7526.5542669668785,4864919.341289513,1,39.993117987968155,-0.06854728501240803,39.99292669131391,-0.0676193480272621
-7536.598200000822,4864918.117200002,1,39.99310005165316,-0.06867015502152274,39.99291359780396,-0.06771150053409813
-7524.570399999618,4864934.093000002,1,39.993251373732555,-0.06853670847298243,39.99302406292192,-0.0676114156226929
-7528.816401548684,4864959.430612221,1,39.99347515713409,-0.06861305018690356,39.99318742480504,-0.06766867190813375
-7519.152399998158,4864949.532200001,1,39.99339329889858,-0.06848437489171033,39.99312766829312,-0.06757216543673883
-7523.628199998288,4864951.958300002,1,39.993411897493225,-0.06854193299816469,39.99314124526721,-0.0676153340165796
-7516.615392487496,4864937.625783786,1,39.993288517248395,-0.0684418114155827,39.993051177688486,-0.0675402428296431
-7510.437173217535,4864949.2514167065,1,39.993396844912844,-0.06837649143532687,39.99313025688353,-0.06749125284445123
-7533.896200001241,4864939.258299999,1,39.99329111249841,-0.0686567406676053,39.993053072220995,-0.06770143976866005
-7535.393652174622,4864948.026025452,1,39.9933685299844,-0.06868350575959692,39.99310958698577,-0.06772151358765377
-7536.6211999990055,4864934.2251999965,1,39.99324417907324,-0.06868564005967048,39.993018810820615,-0.06772311431270894
-7571.093400001526,4864871.7184000015,1,39.992660867601536,-0.06905232200483535,39.99259299344628,-0.0679981257715826
-7555.132300000639,4864885.251500003,1,39.9927930659145,-0.06886800295850826,39.99268949821474,-0.06785988648683727
-7562.186200000346,4864866.785099998,1,39.99262291425648,-0.06893767878983237,39.99256528750439,-0.06791214336033036
-7545.620009675623,4864929.900241494,1,39.9931992208686,-0.0687926784538817,39.99298599133123,-0.06780339310836736
-7564.196299999952,4864887.1932,1,39.99280413980489,-0.06898175941695772,39.992697582154726,-0.06794520383067437
-7501.221900001168,4864863.072899997,1,39.99263207666454,-0.06818137829330784,39.99257197606227,-0.06734491798793696
-7559.497299998999,4864887.650399998,1,39.9928114979637,-0.06892416671309398,39.99270295361066,-0.06790200930277657
-7491.030633945018,4864865.38593483,1,39.99265985929629,-0.06805771724356635,39.99259225738345,-0.06725217220063084
-7511.736699998379,4864841.647200003,1,39.99243303800752,-0.06829099924130766,39.992426677842644,-0.06742713369893683
-7504.881400000304,4864865.5295,1,39.992651515849694,-0.06822888452060472,39.99258616666744,-0.06738054765840962
-7520.750472798942,4864854.415648371,1,39.99254103134317,-0.06841435121488804,39.99250551297767,-0.06751964767912211
-7525.818129986525,4864845.298622638,1,39.99245592417401,-0.06846832421774618,39.99244338474418,-0.06756012743126572
-7535.227970089763,4864893.273838371,1,39.992878691892315,-0.06862979080679477,39.992752005178545,-0.06768122737305216
-7502.826900001615,4864860.174599998,1,39.99260502532535,-0.06819846226927684,39.992552228584664,-0.06735773096991371
-7496.947206757963,4864853.117668681,1,39.99254596306194,-0.06811919993264226,39.99250911313237,-0.06729828421743778
-7516.474500000478,4864844.597199999,1,39.99245614278939,-0.06835228591313758,39.99244354433341,-0.06747309870280926
-7507.032078322023,4864834.893869832,1,39.99237587575981,-0.06822653347614249,39.99238494940182,-0.06737878437506295
-7501.991898112,4864844.02647952,1,39.99246110317914,-0.06817291416963833,39.99244716541793,-0.06733856989518483
-7506.731899999082,4864850.683999999,1,39.99251738350202,-0.06823772646176351,39.992488250053626,-0.06738717911427872
-7506.529300000519,4864862.554300003,1,39.992623746537305,-0.06824642565176031,39.99256589506939,-0.06739370350677631
-7511.5214999988675,4864853.5402000025,1,39.992539612925505,-0.06829956432972928,39.992504477532776,-0.06743355751525304
-7482.4561760276565,4864901.429579936,1,39.99298835877316,-0.06798584818030928,39.99283206200157,-0.06719827040318804
-7469.7391000017515,4864864.291500002,1,39.99266486562744,-0.06779377265288122,39.992595912005186,-0.067054213757617
-7470.518699999899,4864863.662799999,1,39.99265869776054,-0.06780280609693445,39.99259140946235,-0.06706098884065692
-7474.582499999553,4864866.872299999,1,39.99268459347092,-0.06785601501896554,39.99261031333093,-0.06710089553218024
-7480.431491758674,4864867.1309280535,1,39.99268284215023,-0.06792848354587822,39.992609034866824,-0.06715524692736474
-7466.291100092231,4864859.3389488915,1,39.992622944019296,-0.06774652315528851,39.99256530923124,-0.06701877663442246
-7461.524049259721,4864852.0464766035,1,39.99256100026625,-0.06768077807116324,39.99252009029152,-0.06696946782132851
-7474.652600001544,4864865.9525000015,1,39.992676313844306,-0.06785601274511599,39.9926042692035,-0.06710089382679307
-7512.604163631797,4864884.949543999,1,39.992819928939404,-0.06834257189917103,39.992709108222925,-0.06746581319233436
-7516.088799998164,4864889.878200002,1,39.99286161095655,-0.06839025180675495,39.99273953609544,-0.0675015731230223
-7502.449700001627,4864884.176100002,1,39.992820066622095,-0.06821645256249553,39.992709208731284,-0.06737122368982773
-7537.339899998158,4864895.785400003,1,39.992899698553614,-0.06865823949286387,39.9927673400413,-0.06770256388760398
-7521.867186445744,4864889.477093995,1,39.99285400467599,-0.06846122608585858,39.99273398351063,-0.06755480383235002
-7526.710926756264,4864892.801808476,1,39.992880388839374,-0.06852417504260444,39.9927532439499,-0.06760201554990941
-7520.724500000478,4864892.4384,1,39.99288129847917,-0.06844991038162895,39.99275390798695,-0.0675463170541778
-7517.912551965565,4864887.286727645,1,39.99283715318469,-0.06841032647049516,39.99272168192198,-0.06751662912082745
-7422.2589999996135,4864895.579400003,1,39.99297784973807,-0.06723699774171621,39.99282439040594,-0.06663663257424324
-7427.111388426274,4864903.13028191,1,39.99304204684615,-0.06730404048050342,39.99287125429484,-0.06668691462833365
-7458.04930000007,4864831.358400002,1,39.992378286580106,-0.0676183517503981,39.99238670930063,-0.06692264808075465
-7463.9465345703065,4864836.803314826,1,39.992422911805114,-0.06769630901524071,39.99241928571489,-0.06698111602938661
-7427.691685821862,4864891.7330770185,1,39.99293965465666,-0.06730045307961241,39.992796507996516,-0.06668422407766539
-7466.445299256593,4864859.364375353,1,39.99262306436775,-0.067748451226187,39.99256539708561,-0.06702022268759633
-7432.243842069059,4864893.576495245,1,39.99295298668228,-0.06735840354173028,39.992806240375224,-0.06672768692425379
-7432.574799999595,4864889.443000004,1,39.99291576772018,-0.06735859038593794,39.99277907053289,-0.06672782705740954
-7431.146403320135,4864886.352100247,1,39.992889101346684,-0.06733803595712384,39.992759604080234,-0.06671241123579896
-7429.617124881595,4864899.692378685,1,39.99300954087629,-0.06733173839929485,39.99284752493685,-0.06670768806742722
-7439.661806236952,4864890.837819621,1,39.99292332352702,-0.06744741855904479,39.99278458627188,-0.06679444818723967
-7436.454791653901,4864896.600603372,1,39.99297712133475,-0.06741325469626513,39.99282385867152,-0.06676882529015493
-7435.377900000662,4864892.818000004,1,39.992944020892175,-0.06739638807664683,39.99279969534844,-0.0667561753254412
-7436.122900001706,4864891.476599999,1,39.992931499447096,-0.06740432192446821,39.992790554693535,-0.06676212571130724
-7435.76581665501,4864887.900243476,1,39.992899744314435,-0.0673965382923365,39.992767373446696,-0.06675628798720845
-7435.9902000017455,4864891.204000004,1,39.99292915229701,-0.06740242611353064,39.99278884127397,-0.06676070385310406
-7458.412799999118,4864852.194799997,1,39.99256449011398,-0.06764249976300807,39.992522637880356,-0.06694075909021213
-7458.082199998199,4864831.376599997,1,39.99237842657637,-0.06761877517604642,39.99238681149791,-0.0669229656499909
-7453.200300000608,4864828.683799997,1,39.99235772309077,-0.06755595212978882,39.992371697953416,-0.0668758483652977
-7424.753289464861,4864863.324751288,1,39.992687482608275,-0.06723736659264201,39.992612422401194,-0.06663690921243759
-7571.071074258536,4864890.459293477,1,39.9928285870241,-0.06906973280384143,39.99271542862475,-0.06801118387083716
-7310.057300001383,4864815.156599999,2,39.992336152762874,-0.06577563898405625,39.99224890489089,-0.06569634153401838
-7390.620600000025,4864836.055799998,2,39.99246718633382,-0.0667901632433292,39.99234455939768,-0.06645723472847309
-7363.282299999148,4864844.0207,2,39.992557460067616,-0.06646009852607193,39.99241045922335,-0.06620968619053014
-7366.095899999142,4864845.581600003,2,39.99256947264139,-0.06649631390353417,39.99241922840221,-0.06623684772362681
-7411.2507000006735,4864792.7678999975,2,39.992065482833006,-0.06700406871210429,39.99205131584209,-0.06661766383005441
-7367.458799999206,4864841.782799996,2,39.992534531555926,-0.06650955967102679,39.99239372140982,-0.06624678204924628
-7366.242400001734,4864841.108000003,2,39.992529338374275,-0.06649390275190914,39.99238993038722,-0.06623503935990804
-7373.052799999715,4864844.886500001,2,39.99255841776081,-0.06658156339197685,39.99241115833939,-0.06630078483995883
-7317.6510000005355,4864794.628600001,2,39.99214717904252,-0.06585004440298547,39.99211095407503,-0.0657521455982153
-7331.496599998325,4864767.7711,2,39.991897220757956,-0.06599567812329976,39.9919284845273,-0.06586137088845101
-7313.731119778006,4864792.063410872,2,39.992126947947355,-0.0657992216278318,39.99209618537556,-0.06571402851685004
-7356.611999999732,4864840.320100002,2,39.99252898031507,-0.06637424140448367,39.992389669004,-0.06614529334933894
-7390.435400001706,4864835.897,2,39.99246589400703,-0.06678772655068776,39.99234361599913,-0.06645540720899201
-7317.526099998503,4864794.559299998,2,39.99214664569271,-0.06584843675460839,39.99211056472967,-0.06575093986193248
-7352.339699998499,4864837.949699998,2,39.99251073749345,-0.06631925013714746,39.99237635174421,-0.06610404989883678
-7349.546000000089,4864836.3998000035,2,39.99249880946179,-0.06628329093171281,39.9923676442811,-0.0660770804947608
-7312.662200000137,4864807.624899998,2,39.99226694444464,-0.06580070056279652,39.99219838281858,-0.06571513771807358
-7390.734700001776,4864835.035099998,2,39.99245797320581,-0.06679060925260405,39.99233783381423,-0.06645756923542923
-7331.463799998164,4864768.513700001,2,39.99190388878789,-0.06599597356562992,39.99193335218915,-0.06586159247019863
-7370.0106999985865,4864847.7535,2,39.992586187515144,-0.06654670353099323,39.99243143026005,-0.06627463994422111
-7353.723400000484,4864834.1625000015,2,39.99247588577345,-0.06633276378643238,39.992350909988616,-0.06611418513580047
-7327.958599999547,4864824.4234,2,39.99240663857414,-0.06600542837002443,39.99230035953312,-0.06586868357349451
-7334.819400001317,4864828.2295999965,2,39.992435931235484,-0.06609373710410704,39.99232174317589,-0.06593491512405647
-7321.037900000811,4864820.583700001,2,39.992377087680175,-0.065916348461732,39.99227878738052,-0.06580187364227519
-7314.109499998391,4864816.739699997,2,39.99234750357886,-0.06582716949871426,39.992257190986564,-0.06573498942001188
-7324.080699998885,4864817.717,2,39.992349320316386,-0.0659512174530752,39.99225851720496,-0.06582802538578258
-7325.23409999907,4864818.356799996,2,39.99235424415873,-0.06596606333505406,39.99226211160987,-0.06583915979726673
-7337.716099999845,4864825.2817,2,39.99240753871603,-0.0661267253738771,39.992301016636695,-0.06595965632638401
-7332.1088000014415,4864822.170999996,2,39.99238359878803,-0.06605455115858039,39.992283540489254,-0.06590552566491148
-7315.743400000036,4864802.071500003,2,39.99221510819888,-0.06583350952147704,39.99216054235917,-0.06573974443708397
-7338.857999999076,4864825.9152000025,2,39.992412414147765,-0.06614142333602402,39.992304575701866,-0.0659706797979942
-7359.913360092789,4864833.420775658,2,39.99246494677955,-0.06640849888818856,39.992342924523065,-0.06617098646211761
-7311.919399999082,4864808.963799998,2,39.9922794418874,-0.0657927912463494,39.9922075059518,-0.06570920573073824
-7316.4574000015855,4864800.7843,2,39.99220309340954,-0.0658411119609772,39.99215177156296,-0.06574544626670908
-7359.331099998206,4864837.273500003,2,39.992499827908794,-0.06640494343202885,39.99236838774741,-0.06616831986999783
-7309.517499998212,4864813.293499999,2,39.99231985568772,-0.06576721610265057,39.992237008026024,-0.06569002437296412
-7360.497299998999,4864837.920500003,2,39.99250480721906,-0.06641995423269886,39.992372022643906,-0.06617957797050034
-7352.520300000906,4864833.494800001,2,39.992470746856846,-0.06631727782444496,39.99234715857949,-0.06610257066430991
-7394.577824883163,4864836.924705662,2,39.99247221161903,-0.06683984747757243,39.992348227855885,-0.06649449790415551
-7316.963899999857,4864795.2365000015,2,39.99215309634767,-0.06584213339443501,39.992115273707796,-0.06574621234180245
-7318.341099999845,4864814.532499999,2,39.992324811786965,-0.06587734009438151,39.99224062597848,-0.06577261736676232
-7374.347500000149,4864845.604699999,2,39.99256394488282,-0.06659822813155536,39.992415193138456,-0.06631328339464271
-7404.464299999178,4864809.152999997,2,39.99221682292895,-0.0669357273220541,39.99216179411213,-0.06656640778751677
-7316.86719999835,4864813.714900002,2,39.99231851957473,-0.06585836892873864,39.99223603266355,-0.06575838899253017
-7330.786899998784,4864821.437299997,2,39.99237795177374,-0.06603753602167028,39.99227941816882,-0.0658927643122289
-7349.279599998145,4864758.806000002,2,39.991804638305965,-0.06620680731695128,39.99186089933735,-0.06601971778368965
-7408.338870193808,4864811.529825352,2,39.992235399362016,-0.06698581330818154,39.99217535490827,-0.06660397227711234
-7348.8982000015685,4864756.556000002,2,39.99178476897777,-0.06619997538958611,39.99184639472777,-0.06601459383816577
-7384.729100000113,4864840.396499999,2,39.99251012394978,-0.06672150887793649,39.99237590385734,-0.06640574395442855
-7381.754700001329,4864845.757299997,2,39.992560162704706,-0.06668983767932168,39.99241243214843,-0.06638199055546745
-7380.934599999338,4864847.235600002,2,39.992573961358765,-0.06668110551485551,39.99242250516589,-0.06637544143211782
-7385.526399999857,4864838.958999999,2,39.99249670624166,-0.06672999797638379,39.992366108930405,-0.06641211077826403
-7377.846599999814,4864852.802199997,2,39.992625920675025,-0.06664822564260309,39.99246043546676,-0.0663507815279285
-7372.802900001408,4864849.3028,2,39.99259811112612,-0.06658264374629574,39.992440134496064,-0.066301595105698
-7376.904599998145,4864852.029399999,2,39.99261965985517,-0.06663586458768567,39.992455865068266,-0.06634151073674044
-7345.42330000177,4864829.557700002,2,39.992440447154245,-0.06622592882634493,39.9923250397966,-0.06603405891573488
-7359.148499999195,4864841.7271,2,39.99253980829682,-0.0664068898838277,39.99239757343067,-0.06616977970884697
-7398.11080000177,4864785.8972999975,2,39.99201313270453,-0.06683533440457357,39.9920131002483,-0.06649111309940636
-7406.063099998981,4864788.219300002,2,39.99202838461684,-0.0669357206167076,39.99202423414428,-0.06656640275850689
-7405.100900001824,4864789.7755,2,39.99204297913644,-0.06692530740250646,39.99203488814359,-0.06655859284785604
-7404.705499999225,4864787.466200002,2,39.9920225889483,-0.06691824638773447,39.99202000330625,-0.06655329708677704
-7399.109700001776,4864784.361699998,2,39.991998697027846,-0.06684622024555686,39.99200256220432,-0.06649927748014384
-7396.896099999547,4864785.223499998,2,39.992007947330364,-0.06681969953913125,39.992009314925156,-0.06647938695032463
-7397.859799999744,4864783.668200001,2,39.991993359831,-0.06683013214629963,39.99199866605062,-0.06648721140570091
-7391.35909999907,4864782.1516999975,2,39.991984307095834,-0.06674843036300082,39.99199205755395,-0.0664259350682268
-7384.393399998547,4864778.2870000005,2,39.99195456435516,-0.06665877155824518,39.991970345353266,-0.06635869096466007
-7385.372800000012,4864776.740699999,2,39.991940046495934,-0.0666694065534772,39.991959747316024,-0.06636666721108408
-7390.095800001174,4864781.450599998,2,39.99197891118687,-0.06673216964122108,39.991988118540405,-0.066413739526892
-7392.357000000775,4864780.615599996,2,39.99196986764757,-0.06675930340172886,39.991981516756724,-0.06643408984727284
-7391.084499999882,4864779.909699999,2,39.9919644351805,-0.06674292455273712,39.991977551055754,-0.06642180571052902
-7370.614700000732,4864768.552900001,2,39.99187703325636,-0.06647944866619682,39.99191374765114,-0.0662241987956238
-7384.211300000548,4864776.0964,2,39.99193508810769,-0.06665445646611357,39.9919561276926,-0.06635545464556136
-7374.897300001234,4864855.5392,2,39.99265246264114,-0.06661438905584216,39.99247981110203,-0.06632540408785781
-7376.4010000005355,4864773.852899998,2,39.9919204397033,-0.06655589793606964,39.991945434357405,-0.06628153574802842
-7377.078269988298,4864842.961438999,2,39.992538393626816,-0.06662945465938108,39.99239654072157,-0.066336703290512
-7381.686900001019,4864845.7553,2,39.992560191926415,-0.06668899858468347,39.99241245348028,-0.06638136123448879
-7383.6702000014475,4864842.180799998,2,39.992526826835,-0.06671011665327775,39.99238809696354,-0.0663971997859345
-7403.73600000143,4864789.018399999,2,39.99203715274544,-0.06690773925532323,39.99203063487816,-0.06654541673746861
-7413.921399999409,4864785.033399999,2,39.9919944138164,-0.06702974993750921,39.99199943545997,-0.0666369247491081
-7413.154800001532,4864789.236699998,2,39.99203256021819,-0.0670242493359261,39.992027282333275,-0.06663279929792076
-7407.379599999636,4864799.6941,2,39.99213015297204,-0.06696280221524287,39.99209852504358,-0.06658671395740834
-7372.802999999374,4864849.302699998,2,39.99259811016175,-0.06658264488675325,39.99244013379207,-0.06630159596104113
-7376.631799999624,4864855.089699999,2,39.99264723483409,-0.0666353829961066,39.992475994802874,-0.06634114954305614
-7376.317116655409,4864861.7561028525,2,39.99270710848293,-0.06663778612435234,39.99251970256653,-0.06634295188924044
-7390.761199999601,4864835.141000004,2,39.99245890244514,-0.06679103638417505,39.992338512158945,-0.06645788958410748
-7413.955299999566,4864787.794299996,2,39.99201909642196,-0.06703277319916623,39.99201745376203,-0.06663919219535086
-7379.799400001764,4864849.157899998,2,39.992591952173406,-0.06666890128604308,39.99243563846058,-0.0663662882605085
-7383.265599999577,4864777.661399998,2,39.991949749884355,-0.06664425523860373,39.99196683078957,-0.06634780372492899
-7331.747999999671,4864767.318000004,2,39.99189299144951,-0.06599835504250873,39.991925397132135,-0.06586337857785773
-7341.214999999851,4864756.341499999,2,39.99178818854283,-0.0661049005013794,39.99184889101026,-0.06594328767201074
-7337.394799999893,4864763.226999998,2,39.99185245880908,-0.06606422327716643,39.99189580830462,-0.06591277975385101
-7336.700399998575,4864764.478799999,2,39.99186414320839,-0.06605682955166259,39.99190433791612,-0.06590723445972313
-7405.22580000013,4864808.256200002,2,39.992208268594034,-0.06694428437219013,39.99215554944764,-0.06657282557511879
-7331.400499999522,4864768.478600003,2,39.9919036186777,-0.0659951588240002,39.99193315500872,-0.06586098141397634
-7390.184700001031,4864838.919100001,2,39.99249311178725,-0.06678748187984151,39.99236348497868,-0.06645522370585732
-7366.037799999118,4864845.549400002,2,39.99256922487288,-0.06649556609696194,39.9924190475312,-0.06623628686869765
-7377.651299998164,4864772.941299997,2,39.99191141326823,-0.06657047678051597,39.9919388450598,-0.06629246988136317
-7340.524599999189,4864757.585900001,2,39.99179980394474,-0.06609754920274469,39.991857370253655,-0.0659377741980347
-7317.012499999255,4864795.1489999965,2,39.99215227957348,-0.0658426509804686,39.99211467746264,-0.06574660053132764
-7391.93019238487,4864841.240641913,2,39.992512673242,-0.0668112256662603,39.992377764840654,-0.06647303154567141
-7363.986104570329,4864850.150565037,2,39.99261182467661,-0.06647457183184091,39.99245014538792,-0.06622054116985687
-7368.386100001633,4864769.406199999,2,39.991886217830086,-0.06645273470621138,39.991920452389955,-0.06620416332563472
-7363.03830000013,4864766.439499997,2,39.99186338635435,-0.06638390119626081,39.991903785412674,-0.0661525381931718
-7363.996100001038,4864764.880800001,2,39.9918487725668,-0.06639425783237307,39.99189311734776,-0.06616030567025599
-7369.632300000639,4864770.0979999965,2,39.991891542445536,-0.06646877545608287,39.99192433935924,-0.06621619388803834
-7356.978100001811,4864760.987300001,2,39.991818808133594,-0.06630392641455796,39.99187124331152,-0.06609255710689466
-7362.526500001551,4864764.065700002,2,39.991842499822475,-0.06637534223379227,39.991888538244396,-0.06614611897132039
-7356.0102000012985,4864762.5402000025,2,39.99183337703034,-0.06629343957328526,39.99188187860614,-0.06608469197594014
-7361.5406999997795,4864765.608599998,2,39.991856991678375,-0.0663646249437928,39.99189911729921,-0.06613808100382079
-7350.146999999882,4864757.249200001,2,39.99179010435506,-0.06621604951804372,39.991850289553184,-0.06602664943450898
-7354.719900000841,4864761.8244,2,39.9918278682661,-0.06627683166417508,39.99187785720825,-0.0660722360441075
-7348.012899998575,4864758.103299998,2,39.99179923035447,-0.06619050319378061,39.99185695153275,-0.06600748969131165
-7344.211399998516,4864750.939999999,2,39.99173777045556,-0.06613680513848941,39.99181208580655,-0.06596721614984324
-7344.968400001526,4864749.5759999985,2,39.99172503851828,-0.06614486598745994,39.99180279149234,-0.06597326178657115
-7347.108300000428,4864748.045599997,2,39.991709856557584,-0.06616984597283704,39.991791708661026,-0.06599199677560397
-7355.670499999076,4864760.262000002,2,39.99181322638103,-0.06628709592620563,39.99186716863215,-0.06607993424063041
-7369.414400000124,4864767.887100004,2,39.991871909408495,-0.06646399922199997,39.9919100072422,-0.06621261171247617
-7324.582886133344,4864813.8198470175,2,39.99231409725362,-0.06595374250289954,39.99223280436914,-0.06582991917315084
-7327.959273736924,4864815.692792743,2,39.99232851131377,-0.06599720138061649,39.992243326633044,-0.06586251333143855
-7312.58323821798,4864797.2368749315,2,39.99217404089543,-0.06578992720096366,39.992130563227654,-0.06570705769669893
-7310.700860090554,4864800.670677118,2,39.992206076654604,-0.06576992218917788,39.99215394933185,-0.0656920539378596
-7352.348799999803,4864837.9547000015,2,39.99251077591268,-0.06631936722237075,39.992376379790244,-0.06610413771275425
-7336.2989999987185,4864829.050399996,2,39.99244224807727,-0.06611278173213808,39.9923263544704,-0.06594919859507975
-7327.929099999367,4864824.406999998,2,39.992406512316165,-0.0660050486289725,39.9923002673648,-0.06586839876770556
-7316.906800001859,4864818.291699998,2,39.992359448063866,-0.06586317496854832,39.99226591046062,-0.06576199352238743
-7309.849300000817,4864812.695299998,2,39.99231427207222,-0.0657707489840531,39.99223293198672,-0.06569267403401602
-7359.192999999971,4864841.751800002,2,39.992539998402606,-0.0664074626791713,39.9923977122079,-0.06617020930535467
-7308.779111966491,4864804.134827018,2,39.99223841133782,-0.06574945963543666,39.992177553650606,-0.06567670702255368
-7317.617266863584,4864809.973069936,2,39.99228451419007,-0.06586410141331367,39.99221120873274,-0.06576268835596144
-7303.794295821339,4864812.44148691,2,39.99231620815988,-0.06569574135316358,39.9922343453307,-0.06563641831084888
-7338.25903988257,4864821.407184206,2,39.99237248990683,-0.0661297749059262,39.99227543100598,-0.06596194347542084
-7323.5506539456555,4864827.719507538,2,39.99243919717532,-0.06595410733668228,39.992324127311974,-0.0658301927984879
-7332.154229257256,4864832.493940249,2,39.992475943165545,-0.06606484954527048,39.992350951884845,-0.06591324945492905
-7341.63542748615,4864823.280540034,2,39.99238690756092,-0.0661732342497432,39.992285955893465,-0.06599453798328359
-7415.163003530352,4864796.084482223,2,39.99209244251594,-0.06705550710073371,39.99207099641063,-0.06665624262152647
-7398.5587060302505,4864779.87839587,2,39.99195896068458,-0.06683518706592473,39.991973554673734,-0.06649100259541973
-7390.649026967585,4864785.979925662,2,39.99201905782081,-0.06674327374698663,39.992017425583185,-0.06642206760621616
-7352.9321568608275,4864754.565126285,2,39.99176415021177,-0.06624790892736598,39.991831343028586,-0.06605054399150068
-7374.294482905418,4864777.897182643,2,39.99195809428432,-0.06653370162201266,39.99197292220155,-0.06626488851248569
-7395.100707694888,4864777.95992858,2,39.99194419631981,-0.06679067762171087,39.99196277668745,-0.06645762051225934
-7363.228232070805,4864760.277467221,2,39.99180811277938,-0.06638043379338132,39.99186343570294,-0.06614993764101218
-7410.328999999911,4864800.005599998,2,39.992130890635984,-0.06699951558322859,39.99209906353826,-0.06661424898339763
-7408.288427382708,4864803.464716807,2,39.992163263053726,-0.06697758173540969,39.99212269540321,-0.06659779859753345
-7339.1538871750245,4864749.384690456,2,39.99172736702515,-0.06607288768906994,39.991804491302354,-0.06591927806277864
-7337.23213905096,4864752.848840348,2,39.99175970174688,-0.06605242544023948,39.99182809564921,-0.0659039313761558
-7327.492165092379,4864766.668530561,2,39.99189013689054,-0.0659451910486526,39.991923313304085,-0.06582350558246564
-7346.874918319285,4864840.663215242,2,39.99253881726652,-0.0662543296176672,39.992396849978554,-0.06605535950922659
-7355.502279676497,4864846.027787848,2,39.992580827324396,-0.06636592258257412,39.992427517320806,-0.06613905423290678
-7327.479451861232,4864766.691086285,2,39.99189034756707,-0.06594505534024186,39.991923467097955,-0.06582340380115759
-7340.191399998962,4864758.186399996,2,39.991805409122016,-0.06609400126029197,39.991861462033064,-0.06593511324119516
-7336.944299999624,4864764.039300002,2,39.991860040811495,-0.06605942668297793,39.99190134316639,-0.06590918230820964
-7366.449900001286,4864770.2973000035,2,39.99189553745718,-0.06642966697001196,39.99192725571774,-0.06618686252348516
-7349.475600000471,4864760.880199999,2,39.99182306330389,-0.06621118409053661,39.991874349585835,-0.06602300036387865
-7352.940799999982,4864762.802699998,2,39.99183785900391,-0.06625578605317539,39.99188515044685,-0.06605645183585773
-7363.159000001848,4864768.471699998,2,39.9918814878281,-0.06638730860173148,39.99191699948851,-0.0661550937472748
-7375.148099999876,4864773.7365000015,2,39.991920268782486,-0.06654031723416232,39.991945309585205,-0.06626985022159793
-7398.534499999136,4864788.097900003,2,39.99203253051977,-0.06684264229513559,39.99202726065343,-0.06649659401732788
-7404.436200000346,4864808.869900003,2,39.99221430911168,-0.06693511326245005,39.99215995902552,-0.06656594724281373
-7404.8357000015685,4864808.159000002,2,39.99220766990755,-0.06693937567158503,39.99215511240651,-0.06656914404966496
-7395.213199999183,4864786.255199999,2,39.99201834917053,-0.06679989223211091,39.99201690826848,-0.06646453147005937
-7405.654399998486,4864801.9548999965,2,39.992151582952786,-0.06694363210808518,39.99211416892953,-0.06657233637704008
-7384.873199999332,4864780.518600002,2,39.99197420060562,-0.06666680135456282,39.9919846798161,-0.0663647133118983
-7408.565699998288,4864796.707199998,2,39.99210260008807,-0.06697463044225227,39.992078411438285,-0.06659558512766539
-7353.466112487018,4864840.961771078,2,39.99253690854748,-0.0663360006582634,39.99239545661365,-0.06611661278967373
-7320.078899998218,4864794.327799998,2,39.99214280022521,-0.06587974070803959,39.99210775753839,-0.06577441782700588
-7321.121196862309,4864811.898919098,2,39.99229931307491,-0.06590918506645771,39.99222201191868,-0.06579650109581947
-7390.548551443963,4864840.4913816005,2,39.99250692862915,-0.06679345806036441,39.992373571273276,-0.0664597058412495
-7385.426100000738,4864839.015600003,2,39.99249728243795,-0.06672881284884635,39.9923665295537,-0.06641122193261095
-7409.384500000626,4864796.0331000015,2,39.9920959987795,-0.06698410511446351,39.992073592483024,-0.06660269113182382
-7407.406300000846,4864799.5983000025,2,39.99212927714055,-0.06696304153150301,39.99209788568659,-0.06658689344460345
-7410.100400000811,4864794.7425,2,39.99208395217841,-0.06699172755504268,39.992064798464234,-0.0666084079622582
-7318.694800000639,4864795.302100003,2,39.99215248062839,-0.0658635686575586,39.992114824232715,-0.06576228878914514
-7374.3125,4864845.585299999,2,39.99256379560356,-0.06659777764322783,39.99241508416459,-0.06631294552839706
-7381.679999999702,4864845.767800003,2,39.99256030857918,-0.06668892517431768,39.9924125386368,-0.06638130617671445
-7377.218935716897,4864859.9856831655,2,39.99269063897742,-0.06664725182208642,39.99250767982751,-0.066350051162541
-7377.133499998598,4864851.760499999,2,39.99261709450017,-0.0666384374207567,39.99245399235912,-0.06634344036154372
-7377.830699998885,4864852.706600003,2,39.99262507623912,-0.06664793911948763,39.992459819028554,-0.06635056663559191
-7388.631314467639,4864843.906318991,2,39.992538819960096,-0.06677300527514873,39.99239685194486,-0.06644436625233774
-7384.673000000417,4864840.373300001,2,39.99250995533028,-0.06672079425817223,39.992375780765094,-0.06640520798960536
-7380.90700000152,4864847.1611,2,39.9925733138694,-0.06668069442293678,39.99242203249865,-0.06637513311317877
-7338.753299999982,4864825.8571000025,2,39.99241196699023,-0.0661400756762367,39.99230424927686,-0.06596966905315371
-7345.411800000817,4864829.5512000015,2,39.99244039697982,-0.06622578069072294,39.99232500316926,-0.06603394781401839
-7352.664768945426,4864829.44932691,2,39.992434445127344,-0.06631524558421553,39.992320658316956,-0.06610104648413784
-7352.555199999361,4864833.5141,2,39.99247089531199,-0.06631772698229188,39.99234726695175,-0.0661029075326951
-7329.403700001538,4864820.6699,2,39.992372045785274,-0.06601973215638512,39.992275106797244,-0.06587941141326503
-7333.1832000017175,4864822.766999997,2,39.99238818556296,-0.06606838023473838,39.992286888834954,-0.06591589747202997
-7316.835799999535,4864813.697499998,2,39.99231838568781,-0.06585796478377492,39.99223593492609,-0.06575808588380738
-7322.587600000203,4864821.443499997,2,39.992383704840094,-0.06593629544934743,39.99228361790726,-0.06581683388298676
-7321.8462610281995,4864826.773397222,2,39.99243191515575,-0.06593216873743657,39.99231881143769,-0.06581373884905362
-7316.881400000304,4864818.277500004,2,39.992359338643396,-0.06586284793071506,39.992265830583676,-0.06576174824401249
-7314.611699998379,4864800.712399997,2,39.99220373251976,-0.06581825316943402,39.99215223811342,-0.0657283021730517
-7311.829500000924,4864805.7271,2,39.992250540379644,-0.06578862818150188,39.992186407851136,-0.0657060834321026
-7310.764899998902,4864807.6461,2,39.992268452518616,-0.06577729239539387,39.99219948371258,-0.06569758159252159
-7359.297899998724,4864837.255099997,2,39.992499686326326,-0.06640451611468468,39.992368284392214,-0.0661679993819897
-7307.774300001563,4864814.599399999,2,39.992332752962135,-0.0657469225331786,39.99224642303635,-0.06567480419586014
-7304.483600001782,4864820.875299999,2,39.99239120013581,-0.06571220797946165,39.99228908947313,-0.06564876828057242
-7303.674135301262,4864812.452149622,2,39.99231638707026,-0.0656942676476664,39.992234475935284,-0.06563531303172598
-7356.451670821757,4864831.50025785,2,39.99245016647181,-0.06636394162864878,39.99233213489842,-0.06613756851746277
-7360.5392999984315,4864837.943800002,2,39.99250498653411,-0.06642049483655477,39.9923721535439,-0.06617998342339226
-7351.266699999572,4864837.354500003,2,39.99250615693955,-0.06630543905773756,39.99237300793986,-0.06609369158927936
-7351.981125298886,4864843.493344098,2,39.9925605945481,-0.06632005182405631,39.99241274739411,-0.06610465116401842
-7357.6981999985865,4864840.922600001,2,39.99253361701125,-0.06638822237631281,39.9923930537922,-0.0661557790782108
-7366.751436967404,4864837.214649305,2,39.99249414458233,-0.06649651565769599,39.992364238919095,-0.06623699903924818
-7366.256599999964,4864841.1159000015,2,39.99252939919997,-0.06649408554872949,39.99238997478997,-0.0662351764575233
-7353.69530000165,4864834.147,2,39.99247576659754,-0.06633240218082381,39.992350822990204,-0.06611391393159405
-7365.719614882021,4864851.11348962,2,39.992619236807215,-0.06649688596403003,39.99245555624326,-0.06623727676899871
-7371.659499999136,4864848.668300003,2,39.99259322785322,-0.0665679262411949,39.99243656970684,-0.06629055697687236
-7367.409899998456,4864841.755599998,2,39.992534322136976,-0.06650893018502657,39.992393568533984,-0.06624630993474612
-7370.127824570984,4864839.087595038,2,39.9925085584085,-0.06653997477979257,39.9923747610122,-0.06626959338082061
-7364.838899999857,4864844.884199998,2,39.99256410543461,-0.06648013431907529,39.99241531034126,-0.06622471303528266
-7329.376800000668,4864825.210199997,2,39.99241269384621,-0.0660236827308589,39.99230477988173,-0.06588237434412036
-7338.66330000013,4864826.254299998,2,39.992415583918145,-0.06613933901501667,39.992306889634236,-0.0659691165572387
-7337.5278999991715,4864825.624499999,2,39.992410737079176,-0.06612472480552878,39.99230335144179,-0.06595815590012277
-7331.918400000781,4864822.512199998,2,39.99238678436105,-0.06605252191164723,39.99228586595756,-0.06590400372971161
-7318.160399999469,4864814.879600003,2,39.9923280434137,-0.06587543618170688,39.992242985066,-0.06577118943225635
-7323.891800001264,4864818.059199996,2,39.99235251379397,-0.06594920766693058,39.99226084844359,-0.06582651804617412
-7316.680700000374,4864814.058700003,2,39.992321725700975,-0.06585639028309398,39.992238373135706,-0.06575690500829667
-7405.079300001264,4864791.728799999,2,39.99206047343536,-0.06692688341963038,39.992047658981804,-0.06655977486069897
-7408.925999999045,4864793.862999998,2,39.992076898095064,-0.06697639622894425,39.992059648983386,-0.06659690946768437
-7410.865299999715,4864797.881499998,2,39.99211151020441,-0.06700413397312044,39.99208491582321,-0.06661771277581652
-7359.4400999993095,4864766.4086000025,2,39.99186561031394,-0.06633944124597146,39.991905408903165,-0.06611919323045479
-7356.457600001247,4864764.753700003,2,39.991852873861866,-0.06630105208042991,39.99189611129316,-0.06609040135629862
-7375.182999998331,4864773.673,2,39.99191967629282,-0.06654068828007365,39.99194487706775,-0.06627012850603142
-7384.873199999332,4864780.518700004,2,39.99197420150049,-0.06666680144889803,39.99198468046935,-0.06636471338264971
-7341.308100000025,4864756.173699996,2,39.99178662227182,-0.06610589182528415,39.99184774763242,-0.0659440311649393
-7344.375,4864757.609700002,2,39.991797341298835,-0.06614511660595745,39.99185557252214,-0.06597344975044428
-7338.009399998933,4864757.397500001,2,39.99179986581497,-0.06606631365963356,39.99185741541892,-0.06591434754070136
-7343.733500000089,4864754.510700002,2,39.99177005534,-0.06613427213630185,39.99183565377219,-0.06596531639820258
-7395.213199999183,4864786.255099997,2,39.99201834827566,-0.06679989213777038,39.99201690761522,-0.06646453139930397
-7386.105999998747,4864837.9142,2,39.99248695394236,-0.06673616933823912,39.99235898975192,-0.06641673929965553
-7383.733100000769,4864842.191699997,2,39.992526880661025,-0.06671090363734944,39.99238813625654,-0.06639779002398827
-7375.028700001538,4864855.459899999,2,39.99265166169941,-0.06661593680267686,39.99247922641456,-0.06632656489798383
-7377.096400000155,4864854.1538999975,2,39.99263853785639,-0.06664023716960177,39.992469646009155,-0.06634479017317751
-7352.339699998499,4864837.9498,2,39.99251073838833,-0.06631925023148266,39.99237635239747,-0.06610404996958819
-7359.148499999195,4864841.7272000015,2,39.99253980919169,-0.06640688997816291,39.992397574083924,-0.06616977977959837
-7356.611999999732,4864840.32,2,39.99252897942019,-0.06637424131014846,39.99238966835074,-0.06614529327858754
-7370.01060000062,4864847.753600001,2,39.99258618847952,-0.06654670239053662,39.99243143096405,-0.06627463908887865
-7363.282400000841,4864844.020599999,2,39.992557459103246,-0.06646009966657651,39.99241045851936,-0.06620968704590857
-7325.052900001408,4864818.703599997,2,39.992357473449594,-0.06596415296955271,39.9922644689922,-0.06583772702314072
-7323.883299998939,4864822.1624,2,39.99238923763732,-0.06595297309737713,39.992287656849236,-0.06582934211900904
-7321.03830000013,4864820.583800003,2,39.99237708829709,-0.06591635349532243,39.99227878783087,-0.06580187741746801
-7314.132500000298,4864816.752599998,2,39.992347603034005,-0.06582746567459985,39.99225726358882,-0.06573521155192608
-7308.869500000029,4864814.4614999965,2,39.99233075793798,-0.06576031618181855,39.99224496666872,-0.0656848494323401
-7310.02950000018,4864815.141199999,2,39.99233603427139,-0.06577528117898979,39.992248818392106,-0.06569607318021853
-7316.906800001859,4864818.2918,2,39.992359448958744,-0.06586317506287376,39.992265911113876,-0.06576199359313151
-7312.981300000101,4864798.747699998,2,39.99218728408639,-0.06579626758221835,39.99214023075706,-0.06571181298263995
-7311.216361027211,4864796.4609578485,2,39.992168047302805,-0.06577231694181762,39.99212618790504,-0.0656938500023394
-7337.52419999987,4864829.7302,2,39.99244747994547,-0.06612855198071976,39.99233017373419,-0.06596102628151601
-7380.866799999028,4864847.233599998,2,39.99257399058036,-0.06668026642000768,39.992422526497656,-0.06637481211098195
-7386.6402587369075,4864845.965452015,2,39.99255863004576,-0.06675036189267392,39.9924113133074,-0.06642738371548162
-7377.778799999504,4864852.8002,2,39.99262594989648,-0.06664738654698876,39.992460456798426,-0.06635015220621776
-7382.916102800517,4864854.208545767,2,39.99263498235133,-0.06671215166216005,39.99246705049047,-0.06639872604259622
-7377.061700001359,4864851.720700003,2,39.992616788244405,-0.06663751327299128,39.99245376879241,-0.06634274725071965
-7377.296035300941,4864860.055810973,2,39.99269121294135,-0.06664827002210316,39.992508098821176,-0.06635081481255356
-7330.668299999088,4864825.926600002,2,39.99241820717603,-0.06604030617342005,39.99230880461249,-0.06589484192604123
-7349.546000000089,4864836.399899997,2,39.9924988103566,-0.06628329102603558,39.99236764493431,-0.06607708056550288
-7313.065520714968,4864792.170037955,2,39.99212836461128,-0.0657911032972569,39.99209721954023,-0.06570793976891887
-7363.289747696371,4864835.294131495,2,39.99247936431351,-0.06645195835752205,39.992353449322856,-0.06620358106411772
-7398.428199999034,4864788.038999997,2,39.9920320773238,-0.06684127412825447,39.99202692982037,-0.06649556789216704
-7333.069099999964,4864769.216300003,2,39.99190906058541,-0.06601645866983041,39.99193712760134,-0.065876956298349
-7401.9961999990055,4864790.018399999,2,39.992047310475556,-0.06688719944448263,39.99203805002115,-0.06653001187933816
-7334.797350611538,4864819.486666389,2,39.99235770947578,-0.06608521777504617,39.992264641291314,-0.06592852562726081
-7330.597199998796,4864821.779299997,2,39.99238114401893,-0.06603551617230252,39.99228174850781,-0.06589124942520308
-7324.486511655153,4864813.990040243,2,39.99231568721534,-0.06595271299129735,39.992233965041194,-0.0658291470394492
-7388.263861134648,4864839.5788998315,2,39.99250035100904,-0.06676438545611418,39.99236876961059,-0.06643790138806183
-7386.7095663398495,4864847.370468892,2,39.99257115480641,-0.06675254319146173,39.992420456382675,-0.06642901968957249
-7369.223544884473,4864761.381877743,2,39.99181382939618,-0.06645550602709793,39.9918676088332,-0.06620624181629964
-7342.435300000012,4864756.9575999975,2,39.99179285380151,-0.06612054997830441,39.9918522966491,-0.0659550247797045
-7370.399900000542,4864772.489,2,39.991912405118754,-0.06648050932115446,39.991939569110684,-0.06622499428684203
-7381.292899999766,4864778.532499999,2,39.991958915945716,-0.06662071794142665,39.99197352201436,-0.06633015075204618
-7375.98580000177,4864772.226599999,2,39.991906175136194,-0.06654923687051806,39.99193502122341,-0.06627653994886473
-7411.353135820478,4864802.929530874,2,39.99215634392548,-0.06701492019010935,39.992117644439595,-0.0666258024385582
-7405.681699998677,4864801.905699998,2,39.992151123708744,-0.06694392279607353,39.99211383368137,-0.06657255439303134
-7390.734700001776,4864835.034999996,2,39.99245797231094,-0.06679060915826351,39.992337833160974,-0.06645756916467382
-7346.1825999990115,4864759.0534000015,2,39.99180900430401,-0.0661687987552666,39.99186408651592,-0.06599121136242614
-7321.02769311145,4864812.07116285,2,39.99230091939082,-0.06590819293620598,39.992223184529294,-0.06579575699813067
-7315.637699998915,4864817.5876,2,39.99235402920774,-0.0658468397575076,39.99226195469564,-0.06574974211410689
-7333.069099999964,4864771.151100002,2,39.99192637435525,-0.06601828368216811,39.99194976665333,-0.06587832505760227
-7343.870905298741,4864745.745015971,2,39.99169151918863,-0.0661277004411378,39.99177832238169,-0.06596038762682954
-7322.620947800578,4864812.722818367,2,39.99230564368474,-0.06592848138363028,39.992226633263854,-0.0658109733336989
-7300.818990092725,4864817.599367015,2,39.992364431438176,-0.065663866765032,39.99226954832386,-0.06561251236975019
-7394.797230612487,4864837.578821808,2,39.99247791255523,-0.06684317383008409,39.99235238953931,-0.06649699266853926
-7335.376827798784,4864753.120739415,2,39.99176342409375,-0.06602977243435237,39.991830812962434,-0.06588694162174047
-7362.783199999481,4864764.929499999,2,39.99185005123889,-0.06637932680975567,39.991894050778384,-0.06614910740329294
-7333.861492905767,4864760.1400823295,2,39.9918272904351,-0.0660176820102869,39.991877435391615,-0.06587787380369137
-7330.097966965288,4864762.291488789,2,39.99184915773526,-0.06597323905578278,39.99189339852073,-0.06584454158781328
-7339.191616758703,4864755.2508204505,2,39.991779834509856,-0.06607888685948815,39.99184279256619,-0.0659237774405923
-7388.524687383324,4864770.582154624,2,39.991882745714484,-0.06670251656577353,39.99191791774557,-0.06639149972030634
-7371.374951340257,4864761.285093159,2,39.99181146822323,-0.06648198040341402,39.99186588517695,-0.0662260975985367
-7396.255971133708,4864776.28465306,2,39.991928402079445,-0.06680336248319563,39.991951246891986,-0.06646713415837291
-7370.775379050522,4864770.922951184,2,39.991898130237914,-0.06648366846906839,39.99192914844767,-0.06622736364777748
