wap,x,y,BUILDINGID,lat,long
WAP001,39.99374798825104,-0.0697176860190103,0.0,39.99348461988146,-0.06845662673409994
WAP280,39.99351925527608,-0.07008742022775394,0.0,39.993324506798984,-0.06873762473274511
WAP281,39.99349715706878,-0.07006691195298398,0.0,39.99330903805388,-0.06872203844391994
WAP283,39.993429836356675,-0.07025522482955981,0.0,39.9932619135554,-0.06886515623011757
WAP285,39.99351298299385,-0.07007844668913421,0.0,39.993320116201424,-0.06873080484339411
WAP287,39.993834619888375,-0.07006178902224748,0.0,39.993545262027595,-0.0687181450165602
WAP289,39.99355368706403,-0.06998417406837643,0.0,39.99334860905055,-0.0686591576516182
WAP290,39.99355504084239,-0.0700734488746253,0.0,39.99334955669541,-0.06872700650436733
WAP291,39.99353725888482,-0.06994928832688263,0.0,39.993337109325104,-0.06863264448808291
WAP292,39.993639331965106,-0.07002201230197347,0.0,39.9934085604813,-0.06868791470915195
WAP294,39.99352269346953,-0.07005503891185327,0.0,39.9933269135344,-0.0687130149326606
WAP297,39.993793670450785,-0.07019074305114881,0.0,39.99351659742128,-0.0688161500785252
WAP298,39.993050323623535,-0.07048563104404337,0.0,39.99299625464221,-0.06904026495312507
WAP299,39.99358025313831,-0.07012692080679539,0.0,39.99336720530255,-0.06876764517281661
WAP300,39.99342169917315,-0.07021915579056337,0.0,39.993256217526934,-0.06883774376048027
WAP302,39.99332962154715,-0.07028329246355902,0.0,39.99319176318873,-0.06888648763195697
WAP306,39.99358373398796,-0.06937805746472936,0.0,39.9933696418973,-0.06819850903284642
WAP308,39.99311066113989,-0.07014698372159156,0.0,39.99303849090365,-0.0687828929880617
WAP309,39.993204624747314,-0.07041706288770389,0.0,39.993104265428855,-0.06898815315430706
WAP319,39.9932825847736,-0.0702426650542396,0.0,39.993158837447254,-0.06885561080087421
WAP320,39.99375250620264,-0.06994630198446039,0.0,39.99348778244757,-0.06863037486784201
WAP321,39.99387605682212,-0.07023868725064375,0.0,39.993574267881215,-0.06885258767014137
WAP322,39.9936990651953,-0.06984041544022279,0.0,39.99345037374244,-0.06854990109422143
WAP323,39.99339767297413,-0.07004180108695213,0.0,39.99323939918762,-0.06870295418573573
WAP324,39.99345105280931,-0.07019809481172334,0.0,39.99327676507225,-0.06882173741656186
WAP325,39.993621474549606,-0.07010178388305288,0.0,39.99339606029045,-0.0687485411107723
WAP326,39.99380353814638,-0.06997973508343325,0.0,39.993523504808195,-0.06865578402306138
WAP327,39.993490170054216,-0.07009781257098613,0.0,39.99330414714368,-0.06874552291360157
WAP276,39.99371773879812,-0.07011623336384876,0.0,39.99346344526441,-0.06875952271617716
WAP328,39.993397354251385,-0.07024788265489335,0.0,39.9932391760817,-0.06885957617737105
WAP275,39.99373094481249,-0.07013921184611949,0.0,39.99347268947447,-0.06877698636270292
WAP272,39.99353689642785,-0.07008851601059353,0.0,39.99333685560522,-0.06873845752770319
WAP153,39.99325884406272,-0.0703802855709661,0.0,39.993142218949636,-0.06896020239358634
WAP154,39.993168711657894,-0.07028452975536402,0.0,39.99307912626625,-0.06888742797372877
WAP155,39.993124999327634,-0.07011944194672813,0.0,39.993048527635075,-0.06876196123916549
WAP156,39.99313587340294,-0.07010028601869411,0.0,39.99305613948779,-0.06874740273385964
WAP161,39.99363170357435,-0.06977494285803054,0.0,39.993403220607775,-0.06850014193175533
WAP162,39.993635236011436,-0.06977177553037173,0.0,39.99340569331373,-0.06849773476273463
WAP163,39.993738861248225,-0.06940577079096677,0.0,39.99347823097949,-0.06821957116078686
WAP201,39.993334354791024,-0.07006840445335437,0.0,39.99319507645944,-0.06872317274420144
WAP202,39.993322882665026,-0.07010318313795061,0.0,39.99318704597125,-0.06874960454449458
WAP205,39.994031134604285,-0.06997050297242424,0.0,39.99368282232873,-0.06864876761869454
WAP207,39.99377319779137,-0.06927171509125074,0.0,39.99350226655969,-0.06811768882900268
WAP210,39.993806465654174,-0.06925231506984808,0.0,39.99352555406365,-0.06810294481273665
WAP211,39.99297988441535,-0.06977351794132414,0.0,39.99294694719647,-0.06849905899505845
WAP221,39.99296934386087,-0.06977947468821187,0.0,39.99293956880834,-0.06850358612269314
WAP224,39.99363802337249,-0.06994822029314296,0.0,39.99340764446647,-0.06863183278244075
WAP225,39.99308735596117,-0.07011310423170336,0.0,39.99302217727855,-0.06875714457574666
WAP251,39.993754506718936,-0.0693024304585208,0.0,39.993489182808986,-0.06814103250812792
WAP252,39.99323281560864,-0.07033606378713575,0.0,39.99312399903178,-0.06892659383787528
WAP253,39.99308350158922,-0.07010653373756881,0.0,39.993019479218184,-0.0687521510002044
WAP264,39.993274823082025,-0.07024941675124463,0.0,39.99315340426315,-0.06886074209059803
WAP265,39.99374631701128,-0.06995732814638966,0.0,39.99348345001363,-0.06863875475090825
WAP266,39.993665212811976,-0.07002363567252258,0.0,39.99342667707411,-0.06868914847076928
WAP267,39.993678879569366,-0.07004153332860774,0.0,39.99343624380428,-0.068702750689394
WAP268,39.99341209261878,-0.07003503001797018,0.0,39.99324949293888,-0.06869780817330945
WAP269,39.993587908066424,-0.07007537330063585,0.0,39.99337256375223,-0.06872846906813536
WAP270,39.99359859353552,-0.0701231934000468,0.0,39.9933800435806,-0.06876481234368768
WAP271,39.993770350285025,-0.06997449573210446,0.0,39.993500273305244,-0.0686518021160515
WAP273,39.993439330623104,-0.07020086257603443,0.0,39.9932685595419,-0.06882384091743829
WAP143,39.99356766536243,-0.06966851348471881,0.0,39.993358393859424,-0.06841925560803841
WAP330,39.993794798426286,-0.07004398390865596,0.0,39.99351738700413,-0.06870461313023064
WAP336,39.99351698488105,-0.07013084309938655,0.0,39.99332291752246,-0.06877062611518589
WAP392,39.99348541153368,-0.07013843895088456,0.0,39.99330081617931,-0.06877639896232438
WAP393,39.99334101006447,-0.07014473856448067,0.0,39.99319973515086,-0.06878118666865743
WAP395,39.99336577062257,-0.06997589784184566,0.0,39.99321706754152,-0.06865286771945481
WAP397,39.99350852030737,-0.07009923711852561,0.0,39.99331699232089,-0.06874660556973158
WAP399,39.99367759233903,-0.07013406081487883,0.0,39.993435342743055,-0.06877307157896002
WAP401,39.99350931254655,-0.06996804020216363,0.0,39.99331754688831,-0.06864689591329648
WAP402,39.99353046069459,-0.0700875805496084,0.0,39.99333235059194,-0.06873774657735449
WAP403,39.99361465363923,-0.07004622129877536,0.0,39.99339128565319,-0.06870631354672138
WAP404,39.993471824729255,-0.0701051571124296,0.0,39.99329130541621,-0.0687511047650986
WAP406,39.99400953860186,-0.06996476173770637,0.0,39.99366770512703,-0.06864440428030896
WAP408,39.99347943265923,-0.07021928656397769,0.0,39.993296630967194,-0.06883784314827515
WAP409,39.99348584006805,-0.0701117674502898,0.0,39.99330111615336,-0.06875612862187236
WAP410,39.993427300638615,-0.07019364119761651,0.0,39.993260138552756,-0.06881835266984065
WAP411,39.99335743101378,-0.0701506606741864,0.0,39.99321122981537,-0.06878568747203379
WAP412,39.99318145150069,-0.07029019935280001,0.0,39.99308804415621,-0.06889173686778012
WAP414,39.99367001075779,-0.0693697827240598,0.0,39.99343003563618,-0.06819222022993757
WAP415,39.99311974095188,-0.07002640050759279,0.0,39.99304484677205,-0.06869124974542264
WAP426,39.993700435080335,-0.06977254564904989,0.0,39.99345133266196,-0.06849832005293002
WAP434,39.993148051941844,-0.07015230737962153,0.0,39.993064664465024,-0.06878693896816447
WAP443,39.99291737089978,-0.06996534920906416,0.0,39.99290318773558,-0.06864485075854088
WAP447,39.993112139527966,-0.07000140965585899,0.0,39.9930395257753,-0.06867225669810495
WAP452,39.99362248852908,-0.06989959693627412,0.0,39.99339677007609,-0.06859487903122044
WAP459,39.99373222517941,-0.07004657402208014,0.0,39.993473585731316,-0.06870658161643302
WAP475,39.993806465654174,-0.06925231506984808,0.0,39.99352555406365,-0.06810294481273665
WAP494,39.99382098042658,-0.06995162186143755,0.0,39.99353571440433,-0.06863441797434465
WAP500,39.99381931258722,-0.0699531408534364,0.0,39.993534546916784,-0.06863557240826378
WAP515,39.99383773154318,-0.06995827346477768,0.0,39.99354744018596,-0.06863947319288315
WAP388,39.99360142130465,-0.07013058580880571,0.0,39.99338202301899,-0.06877043057434445
WAP331,39.993686216190426,-0.07007455871090773,0.0,39.99344137943903,-0.068727849979942
WAP387,39.993801079899775,-0.06997583744432401,0.0,39.99352178403557,-0.06865282181733837
WAP384,39.99359483840612,-0.07005604550956956,0.0,39.99337741499001,-0.06871377994692499
WAP337,39.993533282958275,-0.07011705501251253,0.0,39.99333432617652,-0.06876014716916164
WAP339,39.99335597817358,-0.06998156742278905,0.0,39.993210212827236,-0.06865717660097179
WAP341,39.99355153715697,-0.07004862853088499,0.0,39.99334710411561,-0.0687081430431247
WAP343,39.993393260760726,-0.06998422369438817,0.0,39.99323631063824,-0.06865919536738713
WAP345,39.993514749791615,-0.07000341046623683,0.0,39.99332135295986,-0.0686737773139921
WAP346,39.99361640338261,-0.07004429295526737,0.0,39.993392510473555,-0.06870484800565532
WAP347,39.99377320849906,-0.06981794972197974,0.0,39.993502274055075,-0.06853282714835672
WAP348,39.99379055595549,-0.06998180070581661,0.0,39.993514417274575,-0.06865735389607273
WAP350,39.99348615822963,-0.07010115772075665,0.0,39.99330133886647,-0.06874806522742716
WAP352,39.99389306183688,-0.06987006987281498,0.0,39.99358617139154,-0.06857243846299149
WAP354,39.993918860658546,-0.06998575410921859,0.0,39.99360423056672,-0.06866035848265824
WAP355,39.99334039900617,-0.07033413772490428,0.0,39.99319930741005,-0.06892513003057937
WAP356,39.99338860579913,-0.07023143811430899,0.0,39.993233052165124,-0.06884707832652695
WAP357,39.99374344981872,-0.06986126597069743,0.0,39.99348144297883,-0.06856574749738216
WAP358,39.99385154021435,-0.06998217754655656,0.0,39.99355710625578,-0.0686576402950351
WAP359,39.993309667610205,-0.07020006325503125,0.0,39.99317779543287,-0.06882323343347586
WAP361,39.99328031346451,-0.07022175114320373,0.0,39.99315724753089,-0.06883971622848695
WAP363,39.993592593558134,-0.06933010521402938,0.0,39.993375843596425,-0.06816206532231445
WAP364,39.99309916641293,-0.07006362309167269,0.0,39.99303044459478,-0.06871953890932336
WAP376,39.99328516468404,-0.07025128399236724,0.0,39.993160643384556,-0.06886216119385122
WAP377,39.9936840659302,-0.07000092639964972,0.0,39.99343987425687,-0.0686718894233859
WAP378,39.9936843904678,-0.07013729945418579,0.0,39.993440101433194,-0.06877553294483331
WAP379,39.993750832023686,-0.06989086265812272,0.0,39.99348661052231,-0.06858824097982538
WAP380,39.99340232935479,-0.07002543125757388,0.0,39.99324265865408,-0.06869051311540826
WAP381,39.993496949114,-0.07008085401052888,0.0,39.99330889248553,-0.06873263440765406
WAP382,39.993596498179954,-0.07013872188133252,0.0,39.9933785768317,-0.06877661398946483
WAP383,39.99376156177887,-0.0699537625913651,0.0,39.993494121350935,-0.06863604492908959
WAP385,39.993468599992966,-0.0701598289539298,0.0,39.993289048100806,-0.06879265536463877
WAP142,39.993608903892046,-0.06968693605802212,0.0,39.99338726083016,-0.06843325676374892
WAP519,39.993694086485476,-0.06956790006489122,0.0,39.993446888645565,-0.06834278940896944
WAP050,39.993362275774544,-0.0699663863725215,0.0,39.993214621147914,-0.06864563900276846
WAP035,39.99356757473066,-0.0695949107740308,0.0,39.993358330417195,-0.06836331754791553
WAP036,39.993562905953155,-0.0696050706015896,0.0,39.99335506227294,-0.0683710390168602
WAP039,39.993117228757136,-0.07026460701020287,0.0,39.99304308823572,-0.0688722866874063
WAP040,39.9931136570385,-0.07025972275577441,0.0,39.993040588032684,-0.06886857465404067
WAP041,39.993119276555205,-0.07021559776348774,0.0,39.99304452169437,-0.06883503965990279
WAP071,39.99335602316991,-0.06999296311060466,0.0,39.993210244324665,-0.06866583732371165
WAP007,39.993070824833886,-0.07009922859387974,0.0,39.993010605489445,-0.06874659909100071
WAP081,39.99311617360225,-0.07022267564009788,0.0,39.9930423496273,-0.06884041884612649
WAP080,39.99311511393924,-0.07021770656581783,0.0,39.9930416078632,-0.06883664234967365
WAP043,39.99368259574427,-0.0698355173610361,0.0,39.99343884512672,-0.06854617855403955
WAP044,39.99368221898678,-0.06983041027394242,0.0,39.993438581396475,-0.06854229716784835
WAP045,39.99304921564486,-0.06984740612825924,0.0,39.99299547905713,-0.06855521401712913
WAP034,39.99368724976032,-0.06986546600262944,0.0,39.993442102937955,-0.0685689395216505
WAP046,39.99305751924517,-0.06979327354815279,0.0,39.99300129157735,-0.06851407325624823
WAP048,39.993158656200116,-0.07021213360127643,0.0,39.99307208744581,-0.0688324068966222
WAP049,39.99335899481969,-0.06996784164991876,0.0,39.993212324479515,-0.06864674501359037
WAP079,39.994031134604285,-0.06997050297242424,0.0,39.99368282232873,-0.06864876761869454
WAP051,39.99358842242739,-0.06982140773933576,0.0,39.993372923804905,-0.06853545524154729
WAP052,39.993589080075274,-0.06981578681964162,0.0,39.99337338415842,-0.06853118334257974
WAP076,39.993708990372184,-0.06987261011648728,0.0,39.99345732136626,-0.06857436904818245
WAP053,39.99305444439603,-0.07007496655922107,0.0,39.992999139182956,-0.06872815994466014
WAP054,39.99305634155828,-0.07007945512147629,0.0,39.993000467196524,-0.0687315712519741
WAP075,39.99370358851364,-0.06986337585914892,0.0,39.993453540065275,-0.0685673510126053
WAP057,39.99365374178814,-0.06971893934572115,0.0,39.99341864735743,-0.06845757926240019
WAP058,39.99365333369024,-0.06971739404384714,0.0,39.993418361688896,-0.06845640483297594
WAP009,39.99320367566216,-0.07010676980478081,0.0,39.99310360106924,-0.06875233041128553
WAP047,39.993166313037854,-0.07020939342061537,0.0,39.993077447232224,-0.0688303243593198
WAP033,39.99369466192975,-0.06985621600290948,0.0,39.993447291456555,-0.0685619095218633
WAP042,39.99312757885706,-0.07021672758198605,0.0,39.993050333305675,-0.06883589832196152
WAP032,39.99372615034274,-0.06989882085821097,0.0,39.993469333345644,-0.06859428921189245
WAP014,39.993127352338796,-0.07009986884431818,0.0,39.99305017474289,-0.06874708568133393
WAP013,39.99313885754835,-0.07009644908738721,0.0,39.99305822838957,-0.06874448666606639
WAP017,39.99355853689292,-0.06958133686026269,0.0,39.993352003930774,-0.06835300137345175
WAP018,39.99359311578851,-0.06932507215796946,0.0,39.99337620915769,-0.0681582401997089
WAP019,39.99339545672907,-0.06996256767561881,0.0,39.993237847816076,-0.06864273679312241
WAP002,39.99301089303649,-0.07027353628845212,0.0,39.99296865323127,-0.06887907293887573
WAP020,39.99337780042778,-0.06997010351318345,0.0,39.99322548840517,-0.06864846402967154
WAP023,39.99304926549826,-0.06993630006028972,0.0,39.99299551395451,-0.0686227734054723
WAP024,39.99305219429144,-0.06993666509693064,0.0,39.992997564109736,-0.0686230508333194
WAP025,39.99332133175347,-0.07001394296984652,0.0,39.993185960333165,-0.06868178201673547
WAP100,39.993687921966476,-0.06930343647719184,0.0,39.99344257348226,-0.0681417970823179
WAP026,39.99332793916397,-0.07000899095896429,0.0,39.99319058552051,-0.06867801848846497
WAP027,39.9935943757927,-0.0696286095606089,0.0,39.993377091160625,-0.06838892862571488
WAP072,39.99335263851143,-0.06999475038795122,0.0,39.99320787506373,-0.06866719565449504
WAP031,39.99372083151704,-0.06990273855441488,0.0,39.99346561016766,-0.06859726666100742
WAP030,39.99307494031065,-0.0699970148556579,0.0,39.993013486323186,-0.06866891664995212
WAP029,39.99306546886879,-0.07000284210229069,0.0,39.99300685631388,-0.06867334535739303
WAP028,39.99360729580992,-0.06964132347491159,0.0,39.99338613517268,-0.06839859120058492
WAP295,39.99249915883468,-0.06753546066668026,1.0,39.99247494604647,-0.06686047976796627
WAP468,39.99331629628289,-0.06847452024969769,1.0,39.99307145638367,-0.06756477445522935
WAP311,39.99257128733221,-0.06804644687338524,1.0,39.992527599849666,-0.06724371942299501
WAP106,39.99322304903798,-0.06862677481041235,1.0,39.99300338589488,-0.06767896537576534
WAP312,39.99248350236421,-0.06794294336138229,1.0,39.99246351682303,-0.0671660917889928
WAP313,39.99231225075771,-0.06752692459396936,1.0,39.992338503150286,-0.0668540777134331
WAP314,39.992411289237864,-0.06766422737403842,1.0,39.992410801240794,-0.06695705479848489
WAP315,39.99229180352836,-0.06745562756842904,1.0,39.99232357667286,-0.06680060494427786
WAP316,39.992346181842024,-0.06751278120912474,1.0,39.99236327284183,-0.06684347017479964
WAP317,39.99239244468283,-0.06775786548518781,1.0,39.99239704471562,-0.06702728338184694
WAP318,39.99232818507153,-0.06763095033908417,1.0,39.99235013519937,-0.06693209702226921
WAP310,39.99259191348535,-0.06796628184751796,1.0,39.99254265694146,-0.06718359565359455
WAP105,39.99323173255925,-0.06862346940245613,1.0,39.99300972486541,-0.06767648631979818
WAP090,39.99315345875225,-0.06863907077589637,1.0,39.9929525849863,-0.06768818734987836
WAP086,39.9929849131115,-0.06739079826338656,1.0,39.992829546668546,-0.066751982965496
WAP274,39.992388295376735,-0.06749863060412054,1.0,39.99239401572217,-0.06683285722104648
WAP104,39.99324802289611,-0.06861065183935189,1.0,39.99302161681132,-0.06766687314747
WAP103,39.993246239216624,-0.06859321971277232,1.0,39.99302031472529,-0.06765379905253532
WAP102,39.992772691826346,-0.0673329712373727,1.0,39.99267462513039,-0.0667086126959856
WAP091,39.99315020920297,-0.06862744005942822,1.0,39.99295021281533,-0.06767946431252725
WAP470,39.99305133620068,-0.06698882148458019,1.0,39.99287803552365,-0.06645050038139122
WAP284,39.99250885089469,-0.06748435907804229,1.0,39.99248202125028,-0.0668221535764878
WAP089,39.99266654029557,-0.06833041845959542,1.0,39.99259713451292,-0.06745669811265265
WAP088,39.99264326045804,-0.06833569929096228,1.0,39.992580140231524,-0.06746065873617779
WAP288,39.99241325888965,-0.06770950389091812,1.0,39.9924122390866,-0.06699101218614467
WAP008,39.99339618093733,-0.0687559179548165,1.0,39.993129772181405,-0.06777582273406846
WAP282,39.99232664154554,-0.06739683091845095,1.0,39.9923490084254,-0.06675650745679429
WAP101,39.99277396256882,-0.06732972053942454,1.0,39.9926755527724,-0.06670617467252449
WAP258,39.99231253595177,-0.0675200088128678,1.0,39.992338711341944,-0.06684889087760693
WAP010,39.99255867019918,-0.06812705504594874,1.0,39.99251838934256,-0.06730417555241763
WAP375,39.992356490352286,-0.06769018090676228,1.0,39.992370798054324,-0.0669765199480278
WAP038,39.992759702836935,-0.06810909061160864,1.0,39.99266514316812,-0.06729070222666256
WAP037,39.99284298077493,-0.06820190199941932,1.0,39.992725936062854,-0.06736031076752057
WAP386,39.992371904306786,-0.06746051976617817,1.0,39.992382050241105,-0.06680427409258971
WAP390,39.992412390640226,-0.06765011833168355,1.0,39.99241160526452,-0.06694647301671874
WAP394,39.992325480725576,-0.06741820201182591,1.0,39.992348161026825,-0.06677253577682551
WAP374,39.9924038752389,-0.06777185558819365,1.0,39.992405389021556,-0.06703777595910132
WAP396,39.992495833334345,-0.06749373620841048,1.0,39.99247251843123,-0.06682918642426394
WAP022,39.99257293803236,-0.06812953983477055,1.0,39.99252880486078,-0.06730603914403399
WAP405,39.99249702840475,-0.0675742169423792,1.0,39.99247339083262,-0.06688954697474048
WAP021,39.992544171048046,-0.06815022387691894,1.0,39.99250780496223,-0.06732155217564528
WAP407,39.993632539646136,-0.06849486913533642,1.0,39.993302314038836,-0.0675800361194584
WAP016,39.99265049113544,-0.06820856521514251,1.0,39.99258541862603,-0.06736530817931297
WAP015,39.99266347320528,-0.06819887191989515,1.0,39.99259489553701,-0.06735803820787745
WAP400,39.992432021025046,-0.06772901949327093,1.0,39.99242593544544,-0.06700564888790927
WAP373,39.99358797706626,-0.06851899000464723,1.0,39.99326978335553,-0.0675981267714415
WAP372,39.99234416653223,-0.06749629214850382,1.0,39.99236180166568,-0.06683110337933394
WAP371,39.99230598510732,-0.06748344900572167,1.0,39.9923339292255,-0.06682147102224734
WAP329,39.992367769326854,-0.06749284125225863,1.0,39.99237903170576,-0.06682851520715005
WAP446,39.99271991559632,-0.06884212876569508,1.0,39.992636098482464,-0.0678404808422274
WAP334,39.99244112071436,-0.06768008238944212,1.0,39.99243257821864,-0.06696894606003767
WAP338,39.99235338394275,-0.06742864466169429,1.0,39.99236853037536,-0.0667803677642268
WAP340,39.992502480633306,-0.0674904586164935,1.0,39.99247737095947,-0.0668267282303262
WAP344,39.99243106549816,-0.06773867762869124,1.0,39.99242523791081,-0.06701289248947451
WAP056,39.99319353950979,-0.0678612991086398,1.0,39.992981843939305,-0.06710485859943593
WAP055,39.993185009749496,-0.06790936510686496,1.0,39.992975617214285,-0.0671409080981048
WAP351,39.99249953859901,-0.06753224735822005,1.0,39.99247522327444,-0.06685806978662112
WAP107,39.99275311976613,-0.06734968237153005,1.0,39.99266033752643,-0.06672114604660362
WAP366,39.992590129540794,-0.06795465626309571,1.0,39.99254135466194,-0.06717487646527787
WAP367,39.99259620305242,-0.06805716707207132,1.0,39.99254578832542,-0.06725175957200957
WAP368,39.992484722167184,-0.06794153062752882,1.0,39.9924644072792,-0.06716503223860269
WAP369,39.992284564188964,-0.06748011465632509,1.0,39.9923182919551,-0.0668189702601999
WAP370,39.992372346599375,-0.06764767316597453,1.0,39.992382373114694,-0.06694463914243698
WAP130,39.99271191033989,-0.06894679055776365,1.0,39.99263025464528,-0.06791897718627882
WAP108,39.9927500549955,-0.06733845906318248,1.0,39.99265810024387,-0.06671272856534294
WAP278,39.99244035947896,-0.06759149846623025,1.0,39.992432022516795,-0.06690250811762877
WAP262,39.99239232544856,-0.06775175108303344,1.0,39.99239695767461,-0.06702269758023116
WAP174,39.992361079050795,-0.06759617590678157,1.0,39.992374147804234,-0.06690601619804226
WAP175,39.992364981625954,-0.06759489147267495,1.0,39.9923769966841,-0.06690505287246229
WAP176,39.992784272795724,-0.06720358192573883,1.0,39.992683079238034,-0.0666115707122602
WAP177,39.992777936119644,-0.06719275493363862,1.0,39.99267845346449,-0.06660345046818504
WAP178,39.992678245978716,-0.06816023773427203,1.0,39.99260567966162,-0.0673290625686601
WAP179,39.99266706537343,-0.06813443038807954,1.0,39.99259751781976,-0.06730970705901573
WAP180,39.992731123653066,-0.06724040737799886,1.0,39.99264428036389,-0.06663918980145522
WAP181,39.99274084935647,-0.06724888907039707,1.0,39.992651380127384,-0.06664555107075389
WAP182,39.99286084151915,-0.06878260002211256,1.0,39.99273897440614,-0.0677958342845405
WAP183,39.99286652663669,-0.0687999905074479,1.0,39.99274312454194,-0.067808877148542
WAP184,39.9927848813174,-0.06921937259735067,1.0,39.99268352345886,-0.06812341371596908
WAP185,39.992796570205,-0.06921034742484533,1.0,39.99269205634681,-0.06811664483659008
WAP186,39.9922295178384,-0.06739060565971311,1.0,39.992278108119194,-0.06675183851274091
WAP187,39.9922365343224,-0.06740867083857083,1.0,39.99228323015251,-0.0667653873968842
WAP188,39.99239486225374,-0.06778420088220294,1.0,39.99239880954239,-0.06704703492960828
WAP189,39.99239995885221,-0.06775103541251593,1.0,39.992402530059266,-0.06702216082734302
WAP190,39.99351993347163,-0.06827400452632483,1.0,39.99322011153144,-0.0674143876626997
WAP191,39.993248041053974,-0.06858768971606201,1.0,39.99302163006656,-0.06764965155500259
WAP192,39.99323674762863,-0.06856535396144015,1.0,39.99301338586605,-0.06763289973903619
WAP193,39.99351014103566,-0.06827967426967163,1.0,39.99321296305318,-0.0674186399702098
WAP194,39.99341903636715,-0.06834992943594997,1.0,39.99314645664518,-0.06747133134491856
WAP263,39.99234440064221,-0.0676511702613185,1.0,39.99236197256597,-0.06694726196394496
WAP119,39.99281970712121,-0.06878748833044845,1.0,39.992708946295636,-0.06779950051579242
WAP173,39.99330588234348,-0.06873310322475222,1.0,39.99306385420789,-0.06775871168652024
WAP172,39.99330144033746,-0.06873451107289519,1.0,39.9930606115435,-0.06775976757262747
WAP171,39.99283047276897,-0.06880697119273371,1.0,39.99271680521851,-0.06781411266250637
WAP170,39.99283949764718,-0.06880242418247651,1.0,39.9927233933796,-0.06781070240481346
WAP133,39.992828968080076,-0.06742253327886427,1.0,39.99271570679561,-0.06677578422710428
WAP134,39.99318843189909,-0.06865518856622188,1.0,39.992978115383494,-0.06770027569262249
WAP135,39.99318996018404,-0.0686542545171438,1.0,39.992979231031505,-0.06769957515581393
WAP136,39.992760354641476,-0.06891499407054448,1.0,39.992665618985434,-0.06789512982086444
WAP137,39.992762516778214,-0.0688942518362845,1.0,39.992667197345256,-0.06787957314516946
WAP140,39.99280237454804,-0.06727228734731305,1.0,39.99269629351723,-0.06666309977844087
WAP141,39.99279342108631,-0.0672263484457396,1.0,39.99268975749016,-0.06662864560226078
WAP129,39.992707443222955,-0.06894553604607179,1.0,39.992626993649914,-0.06791803630250992
WAP146,39.99286817939476,-0.06721073382606946,1.0,39.992744331055334,-0.06661693463750817
WAP147,39.99287450305672,-0.06723707842878922,1.0,39.992748947328565,-0.06663669308954799
WAP148,39.99260239131221,-0.06842896607081883,1.0,39.992550305755074,-0.0675306088210702
WAP206,39.99281573408841,-0.06893540649866736,1.0,39.99270604598169,-0.0679104391419566
WAP149,39.99260984663999,-0.0684562457911424,1.0,39.992555748144355,-0.06755106861131288
WAP151,39.99343978977973,-0.06885263378843297,1.0,39.993161606636356,-0.0678483596092808
WAP126,39.99323530014807,-0.06858868526511673,1.0,39.99301232920525,-0.06765039821679363
WAP125,39.99323420142094,-0.06859751279574322,1.0,39.99301152713444,-0.0676570188647635
WAP124,39.99270369121811,-0.06888950849711772,1.0,39.992624254686376,-0.06787601564079437
WAP123,39.992709128232974,-0.06891544430524467,1.0,39.99262822370723,-0.06789546749688959
WAP164,39.992314543138114,-0.0674771438657471,1.0,39.99234017658798,-0.06681674216726641
WAP165,39.99230804320614,-0.06747596863621473,1.0,39.992335431637635,-0.06681586074511713
WAP166,39.99275734871048,-0.06881883681095324,1.0,39.9926634246558,-0.06782301187617101
WAP167,39.99276311569078,-0.06881393811345671,1.0,39.992667634551424,-0.06781933785304861
WAP168,39.99314141782913,-0.06860055674946341,1.0,39.992943795112424,-0.06765930183005364
WAP169,39.99314001148728,-0.06861731069583588,1.0,39.99294276848287,-0.06767186728983299
WAP150,39.99345050860321,-0.06887827426100568,1.0,39.993169431377495,-0.06786758996371034
WAP208,39.99349467134584,-0.06839665437083653,1.0,39.993201670179616,-0.06750637504608348
WAP120,39.9928386004006,-0.06881111050428501,1.0,39.992722738389595,-0.06781721714616984
WAP490,39.99271468399762,-0.06903061453859305,1.0,39.99263227941542,-0.06798184517190087
WAP110,39.99235698846466,-0.06767054985636367,1.0,39.99237116167636,-0.06696179666022883
WAP113,39.992719481718936,-0.06706388255933328,1.0,39.99263578175198,-0.06650679618745604
WAP115,39.9927482546163,-0.06732124485540593,1.0,39.99265678596706,-0.06669981790951053
WAP112,39.9923520503003,-0.0677465460213309,1.0,39.992367556816376,-0.06701879378395426
WAP223,39.992953237838094,-0.0680103794242033,1.0,39.99280642371896,-0.06721666883610855
WAP116,39.992751183261426,-0.06731344887375723,1.0,39.992658923878,-0.066693970923274
WAP109,39.99237535313687,-0.06770067249414069,1.0,39.99238456788707,-0.0669843886385616
WAP255,39.992585796404015,-0.06795984364739116,1.0,39.992538191472086,-0.06717876700349945
WAP256,39.992572925991475,-0.06802935018286327,1.0,39.99252879607093,-0.06723089690510353
WAP257,39.99247135051118,-0.06793392891639094,1.0,39.99245464597032,-0.06715933095524929
WAP114,39.99270910983882,-0.06704683815694422,1.0,39.99262821027949,-0.06649401288566424
WAP259,39.992393592761715,-0.06762297506614258,1.0,39.99239788281321,-0.06692611556756302
WAP260,39.992308688454315,-0.06749109735915848,1.0,39.992335902668806,-0.06682720728732494
WAP261,39.99235923838452,-0.06752449727912246,1.0,39.992372804117856,-0.06685225722729793
WAP209,39.993502383568284,-0.06839192718046849,1.0,39.993207300102,-0.06750282965330745
WAP006,39.992781913684546,-0.06722717625229002,1.0,39.99268135708687,-0.0666292664571736
WAP222,39.99295990716023,-0.0679843268441882,1.0,39.99281129232412,-0.06719712940109723
WAP111,39.992358108504995,-0.06773733699564577,1.0,39.9923719793058,-0.06701188701469041
WAP430,39.99218866200576,-0.06592821220204126,2.0,39.9921412366382,-0.06581077144750713
WAP510,39.99284036548607,-0.06653215042883254,2.0,39.99261698017882,-0.06626372511760059
WAP450,39.99208390736547,-0.06594119272642107,2.0,39.99206476575078,-0.06582050684079199
WAP509,39.99242722919736,-0.06622091846549871,2.0,39.99231539068806,-0.06603030114510022
WAP428,39.992065999874406,-0.06590877139169571,2.0,39.992051693282306,-0.06579619083974797
WAP476,39.991939999591395,-0.06678318445336995,2.0,39.991959713075715,-0.06645200063600365
WAP477,39.99252714112696,-0.06587569766613123,2.0,39.99238832639668,-0.06577138554557461
WAP464,39.99226162084521,-0.06568546650099627,2.0,39.992194496591,-0.06562871217172339
WAP478,39.99260949034319,-0.0667480302169805,2.0,39.99244844132453,-0.06642563495871157
WAP474,39.99224012611444,-0.06570494457122589,2.0,39.99217880543753,-0.0656433207243956
WAP508,39.99195319291193,-0.06678197816063136,2.0,39.9919693441997,-0.06645109591644971
WAP424,39.9919072615848,-0.06658240585677966,2.0,39.9919358143309,-0.06630141668856093
WAP472,39.992193766044714,-0.0657100312024479,2.0,39.992144962586636,-0.06564713569781211
WAP425,39.99209327610111,-0.06703952253533617,2.0,39.9920716049278,-0.06664425419747831
WAP517,39.99233380644985,-0.06631140445674877,2.0,39.99224719208239,-0.06609816563853776
WAP471,39.99215323761314,-0.06595586858229918,2.0,39.992115376831585,-0.06583151373270058
WAP516,39.992324021130976,-0.0661622962886943,2.0,39.9922400487996,-0.06598633451249691
WAP514,39.99245188539884,-0.06623030527999417,2.0,39.99233338971515,-0.06603734125597181
WAP513,39.99234091806404,-0.0659056403894267,2.0,39.99225238356074,-0.06579384258804621
WAP473,39.9921373069567,-0.06586525718838042,2.0,39.99210374745238,-0.0657635551872615
WAP512,39.99197651470997,-0.06589766534782715,2.0,39.99198636911227,-0.06578786130684655
WAP467,39.992378173824385,-0.06593273420039036,2.0,39.992279580265794,-0.06581416294626896
WAP427,39.99224104020713,-0.06576372387830354,2.0,39.9921794727252,-0.06568740520470384
WAP479,39.99218712399086,-0.0659178100508413,2.0,39.99214011388732,-0.06580296983410716
WAP466,39.99214917189946,-0.06691288368416083,2.0,39.992112408860606,-0.06654927505909682
WAP511,39.992296189203,-0.06599497923812869,2.0,39.992219731492185,-0.06586084672457271
WAP465,39.99221540615237,-0.06577601374520459,2.0,39.99216075986522,-0.06569662260487963
WAP469,39.99183821691182,-0.0660505901666868,2.0,39.99188541171962,-0.06590255492099129
WAP463,39.99264764605649,-0.06653308933280044,2.0,39.99247629499523,-0.06626442929557652
WAP483,39.99236787449314,-0.06595740429475239,2.0,39.99227206175399,-0.06583266551704048
WAP462,39.992600935768216,-0.0663479121450763,2.0,39.99244219648479,-0.06612554640478341
WAP504,39.99221377175013,-0.06591075030837601,2.0,39.99215956675159,-0.0657976750272582
WAP503,39.9925976284362,-0.06674373657057497,2.0,39.99243978213242,-0.06642241472390742
WAP502,39.99232312273609,-0.0662977342227613,2.0,39.99223939297134,-0.06608791296304717
WAP432,39.99240001431014,-0.06663335909551993,2.0,39.9922955238204,-0.06633963161761613
WAP012,39.992464532217454,-0.0664949247172002,2.0,39.99234262189273,-0.06623580583387634
WAP435,39.99204248767463,-0.06589348955835916,2.0,39.992034529376475,-0.06578472946474556
WAP501,39.99231729233538,-0.06615817404149205,2.0,39.99223513677882,-0.06598324282709522
WAP505,39.99236574368248,-0.06564618523300593,2.0,39.9922705062622,-0.06559925122073064
WAP436,39.992133330560534,-0.06571274146060357,2.0,39.99210084468318,-0.06564916839142887
WAP439,39.99198001479973,-0.06653780673911758,2.0,39.9919889241778,-0.06626796735031437
WAP005,39.99221148908799,-0.06568745405387942,2.0,39.99215790040823,-0.06563020283638575
WAP440,39.99219372567161,-0.06575256809660601,2.0,39.992144933114275,-0.0656790383684307
WAP011,39.99246103373772,-0.06649459439994843,2.0,39.99234006800253,-0.06623555809593751
WAP499,39.992451905711796,-0.06622822450512532,2.0,39.9923334045436,-0.06603578067482017
WAP498,39.992340984498036,-0.06590496671935675,2.0,39.992252432057555,-0.06579333733549375
WAP448,39.992115795371845,-0.06693070839850003,2.0,39.99208804399544,-0.06656264359485121
WAP437,39.992009475275744,-0.06584732520591086,2.0,39.99201043032529,-0.06575010620040933
WAP480,39.99212779012733,-0.06592587708412978,2.0,39.99209680016694,-0.06580902010907352
WAP506,39.992340464265794,-0.06600939954936091,2.0,39.99225205228802,-0.06587166195799687
WAP453,39.992242279504424,-0.06592664264129322,2.0,39.992180377412225,-0.0658095942769461
WAP461,39.99241536739861,-0.06635268737271538,2.0,39.99230673157498,-0.06612912782551272
WAP460,39.991831650655726,-0.06616235457673714,2.0,39.991880618352674,-0.06598637822852904
WAP481,39.99240714814276,-0.06614106927741048,2.0,39.99230073151821,-0.06597041425403405
WAP449,39.99236792047317,-0.06603077634072907,2.0,39.99227209531941,-0.06588769455152299
WAP484,39.99215967452844,-0.06653581747099402,2.0,39.99212007577975,-0.0662664753992217
WAP486,39.9920556107761,-0.06624547879781773,2.0,39.992044109240545,-0.06604872139433948
WAP457,39.992016358857754,-0.06588275151333,2.0,39.99201545534015,-0.0657766759309737
WAP507,39.992093734311226,-0.06598642920358877,2.0,39.99207193942119,-0.06585443419866777
WAP456,39.99205619188473,-0.06591671226590012,2.0,39.99204453344984,-0.06580214649540128
WAP431,39.99224994990629,-0.06569926551640126,2.0,39.99218597680559,-0.06563906143327713
WAP489,39.99236588967703,-0.06616560214337586,2.0,39.992270612838226,-0.06598881390350808
WAP492,39.99233804385258,-0.06589342877424897,2.0,39.992250285386376,-0.06578468387666292
WAP493,39.992452375843,-0.06623561016393698,2.0,39.99233374773938,-0.06604131991892892
WAP495,39.99231998055179,-0.06616501824848786,2.0,39.992237099176805,-0.06598837598234208
WAP496,39.992327770174974,-0.06629840514973663,2.0,39.992242785601725,-0.06608841615827867
WAP454,39.992646720246064,-0.06656639800545161,2.0,39.99247561915362,-0.0662894108000649
WAP455,39.99201846928022,-0.06593328369008677,2.0,39.99201699594855,-0.06581457506354127
WAP422,39.992262308441006,-0.06588822939858296,2.0,39.99219499853593,-0.06578078434491341
WAP131,39.992437928117795,-0.06646530807150874,2.0,39.99232320089999,-0.06621359334960775
WAP420,39.99281092463089,-0.06654916537159572,2.0,39.99259548835454,-0.06627648632467298
WAP213,39.99228574434317,-0.06567291673955733,2.0,39.9922121067445,-0.06561929985064419
WAP214,39.99184350765685,-0.0661123389526459,2.0,39.991889273963494,-0.06594886651046061
WAP216,39.992379510467174,-0.06587344213988099,2.0,39.99228055601503,-0.06576969390088692
WAP218,39.99213008140635,-0.06587810444792107,2.0,39.992098472800635,-0.06577319063191699
WAP219,39.991818164772454,-0.06607848040221143,2.0,39.99187077365788,-0.06592347259763476
WAP220,39.992135168341186,-0.0669200931887044,2.0,39.992102186263054,-0.06655468218750449
WAP228,39.99225097462985,-0.06569136930518216,2.0,39.99218672485378,-0.0656331392748628
WAP212,39.99227422900879,-0.06801135945533954,2.0,39.99220370055041,-0.06737313188748084
WAP229,39.99202347210645,-0.06590617764025186,2.0,39.9920206480117,-0.06579424552616508
WAP231,39.99241808756854,-0.06568212715336763,2.0,39.992308717299025,-0.06562620766100191
WAP232,39.99222666168959,-0.06589887276745897,2.0,39.9921689764074,-0.06578876687157041
WAP233,39.99227246357259,-0.06571501192301188,2.0,39.99220241178199,-0.0656508712382351
WAP234,39.992258765375475,-0.06589879509010378,2.0,39.99219241209809,-0.06578870861355403
WAP235,39.99226211597262,-0.06589104555532632,2.0,39.99219485803401,-0.06578289646247093
WAP236,39.99218221815167,-0.06588559532811633,2.0,39.99213653262471,-0.06577880879206344
WAP237,39.992105459823186,-0.06589679345490396,2.0,39.99208049904492,-0.06578720738715416
WAP230,39.99215242702182,-0.06584467271338301,2.0,39.99211478509992,-0.06574811683101345
WAP117,39.992318759437865,-0.06604145668143335,2.0,39.99223620776364,-0.0658957048070512
WAP118,39.99232049051813,-0.06605238155285953,2.0,39.99223747145223,-0.06590389846062084
WAP204,39.99251164559081,-0.06647660543615963,2.0,39.99237701465529,-0.06622206637309591
WAP132,39.99244169075636,-0.06645358828110304,2.0,39.992325947626135,-0.06620480350680347
WAP138,39.99233691347485,-0.06614044685364108,2.0,39.99224946021063,-0.065969947436207
WAP139,39.99233687041715,-0.0661233185802752,2.0,39.99224942877851,-0.06595710123118259
WAP128,39.992316630952395,-0.06608155883729694,2.0,39.99223465396924,-0.06592578142394889
WAP144,39.99233689211606,-0.06650033502430741,2.0,39.992249444618714,-0.06623986356420675
WAP145,39.99233600747303,-0.06650213724171382,2.0,39.99224879882931,-0.06624121522726155
WAP127,39.992315523619965,-0.06608848577592141,2.0,39.99223384561657,-0.06593097662791725
WAP157,39.99264308221153,-0.06641969743213316,2.0,39.99247296338841,-0.06617938537007606
WAP122,39.99247123921088,-0.06646647463374045,2.0,39.992347517997935,-0.06621446827128152
WAP121,39.99246991384137,-0.06648119473083103,2.0,39.99234655047819,-0.06622550834409946
WAP195,39.992647924995076,-0.06656751437105157,2.0,39.9924764986204,-0.06629024807426487
WAP196,39.992640847989456,-0.06648738251012176,2.0,39.992471332406296,-0.06623014917856751
WAP197,39.992805688223655,-0.06655244276483074,2.0,39.99259166577726,-0.06627894436959925
WAP198,39.99261134976936,-0.06642653862605385,2.0,39.99244979870563,-0.06618451626551658
WAP199,39.99192970532576,-0.06603741505567484,2.0,39.9919521982618,-0.06589267358773232
WAP200,39.99198834353406,-0.06647593478362168,2.0,39.99199500415386,-0.06622156338369245
WAP203,39.99251067786415,-0.06647660618958984,2.0,39.99237630821483,-0.06622206693816857
WAP248,39.99272314331647,-0.06715793125572402,2.0,39.99253140799502,-0.0667330607377692
WAP249,39.992306971023275,-0.06647898773522964,2.0,39.992227602220986,-0.06622385309739842
WAP250,39.992363807627186,-0.06572119293472323,2.0,39.99226909294184,-0.06565550699701861
WAP518,39.991974759681135,-0.06587812258294523,2.0,39.991985087941224,-0.06577320423318511
WAP065,39.99219324292487,-0.06638718945786515,2.0,39.99214458070915,-0.06615500438937505
WAP064,39.99220545566575,-0.06636121745408996,2.0,39.99215349600999,-0.06613552538654366
WAP063,39.99220657128665,-0.06635966665019666,2.0,39.99215431041325,-0.06613436228362368
WAP332,39.99223327359691,-0.0663075001185609,2.0,39.99217380309974,-0.06609523738489687
WAP335,39.99201258883275,-0.06613079560537294,2.0,39.9920127032219,-0.06596270900000589
WAP062,39.9922136412247,-0.06634613222680041,2.0,39.99215947146803,-0.0661242114660765
WAP061,39.99220488994729,-0.06634944715294555,2.0,39.99215308303552,-0.06612669766068535
WAP060,39.99227362229904,-0.06634133915738882,2.0,39.99220325765229,-0.0661206166640178
WAP059,39.99226454341692,-0.0664019104201321,2.0,39.99219663006835,-0.06616604511107527
WAP342,39.99209337944042,-0.06698097842143813,2.0,39.9920716803655,-0.06660034611205479
WAP362,39.99264756276464,-0.06676581096599943,2.0,39.99247623419218,-0.06643897052047576
WAP389,39.99223157228512,-0.06630326785626472,2.0,39.99217256114213,-0.06609206318817473
WAP391,39.992013274279536,-0.06612442825479102,2.0,39.992013203598056,-0.06595793348706945
WAP398,39.9920991319618,-0.06694238118572837,2.0,39.99207587970611,-0.06657139818527247
WAP413,39.99262024549715,-0.06672162473250776,2.0,39.99245629258691,-0.066405830845357
WAP417,39.99281703842768,-0.06654544408314678,2.0,39.9925999514262,-0.06627369535833627
WAP418,39.99233598577064,-0.06609754559688064,2.0,39.99224878298656,-0.06593777149363667
WAP066,39.992198590147794,-0.06638439850816003,2.0,39.99214848418188,-0.06615291117709621
WAP421,39.992018696487776,-0.06697752869202933,2.0,39.99201716181007,-0.06659775881499819
WAP068,39.992181350557644,-0.06625438289748864,2.0,39.992135899281074,-0.06605539946909267
WAP070,39.99226949802493,-0.06632302241489363,2.0,39.99220024693219,-0.06610687910714641
WAP099,39.992319215517774,-0.06603482779723624,2.0,39.99223654070197,-0.06589073314390337
WAP098,39.992311789367825,-0.0660482798807216,2.0,39.992231119612505,-0.06590082220651738
WAP097,39.99237415338037,-0.06629896220607101,2.0,39.99227664534166,-0.06608883395052945
WAP277,39.99222162832889,-0.06630575308118303,2.0,39.99216530205408,-0.06609392710686346
WAP279,39.992010483453846,-0.06612577481249192,2.0,39.9920111662953,-0.06595894340534512
WAP096,39.99236914979147,-0.06629574566897213,2.0,39.992272992721766,-0.06608642154770529
WAP286,39.99209435751757,-0.06695597086866911,2.0,39.99207239436182,-0.06658159044747802
WAP087,39.99220706252171,-0.066340867822972,2.0,39.99215466901484,-0.06612026316320518
WAP085,39.99223878873882,-0.06639981621676139,2.0,39.992177829153334,-0.06616447445854723
WAP084,39.99223973142506,-0.06639757363263499,2.0,39.99217851731429,-0.06616279252045243
WAP083,39.992166673938314,-0.0665247669341742,2.0,39.99212518534897,-0.06625818749660684
WAP082,39.99215258852336,-0.06648836964358029,2.0,39.99211490299605,-0.06623088952866141
WAP078,39.99227520220622,-0.06633868019398381,2.0,39.992204410984534,-0.06611862244146405
WAP305,39.99259648765985,-0.06667903303080447,2.0,39.992438949365685,-0.06637388706907954
WAP077,39.992271126741045,-0.06633423100671543,2.0,39.992201435894955,-0.06611528555101276
WAP074,39.99220456148849,-0.06626301639628274,2.0,39.9921528432606,-0.06606187459318824
WAP073,39.992205531189725,-0.0662589009589718,2.0,39.99215355114249,-0.06605878801520504
WAP069,39.99226384370428,-0.06631879508000971,2.0,39.99219611927812,-0.06610370860598347
WAP067,39.992168279272704,-0.06627963151956795,2.0,39.992126357243066,-0.06607433593565215
